activity,next_activity,frequency,median_delay_hours,mean_delay_hours,bottleneck
Release A,Return ER,276,1134.4005555555555,1976.1430042270529,True
Release D,Return ER,10,506.89819444444447,1334.4794444444444,True
CRP,Release C,13,97.5,110.05128205128204,True
Admission NC,Release A,117,67.74111111111111,77.79791547958214,True
CRP,Release D,12,62.125,84.81201388888888,True
Leucocytes,Release D,11,52.98361111111111,85.79343434343434,True
CRP,CRP,317,48.0,47.67686645636173,True
CRP,Release A,322,31.25,46.91591528640441,True
Leucocytes,Release A,225,30.25,46.98675185185186,False
Leucocytes,Release B,14,28.50763888888889,49.632242063492065,False
Admission NC,Leucocytes,408,24.969583333333333,32.737595996732026,False
Admission NC,CRP,369,24.092777777777776,33.64852228244505,False
Leucocytes,Leucocytes,458,24.0,34.79588791848617,False
CRP,Release B,19,22.75,31.095614035087717,False
Admission NC,Release B,17,20.662222222222223,34.6456045751634,False
Admission NC,IV Liquid,22,19.133472222222224,15.952171717171717,False
LacticAcid,LacticAcid,83,17.2,15.29417670682731,False
Admission NC,Admission NC,175,14.791944444444445,15.642277777777778,False
Admission NC,LacticAcid,27,7.746944444444445,14.378950617283952,False
CRP,ER Registration,14,5.7666666666666675,5.572341269841269,False
Leucocytes,ER Registration,14,5.448333333333333,5.670396825396826,False
Admission NC,Admission IC,20,4.876944444444444,6.563375000000001,False
CRP,Admission NC,187,4.0,8.379300356506239,False
Leucocytes,Admission NC,153,4.0,10.914375453885258,False
LacticAcid,Admission NC,102,3.6275000000000004,4.150972222222222,False
Admission IC,LacticAcid,41,3.1438888888888887,4.851029810298103,False
Leucocytes,Admission IC,18,3.133472222222222,5.447654320987654,False
Admission IC,Leucocytes,38,3.0877777777777777,5.695372807017544,False
CRP,Admission IC,17,2.9166666666666665,14.931356209150328,False
LacticAcid,IV Liquid,124,2.2555555555555555,2.3941487455197135,False
Leucocytes,IV Antibiotics,73,2.0258333333333334,1.9729147640791476,False
Admission IC,CRP,32,2.018472222222222,4.612465277777778,False
CRP,IV Liquid,111,1.7677777777777777,2.1560635635635634,False
LacticAcid,IV Antibiotics,89,1.6419444444444444,1.6440043695380775,False
LacticAcid,Admission IC,10,1.635138888888889,2.0815277777777776,False
IV Liquid,Admission NC,52,1.6023611111111111,1.6566185897435897,False
ER Sepsis Triage,Admission NC,19,1.5966666666666667,2.1333040935672516,False
CRP,IV Antibiotics,81,1.4805555555555556,1.6631687242798354,False
Leucocytes,IV Liquid,102,1.413888888888889,1.8207788671023963,False
LacticAcid,ER Sepsis Triage,42,0.3784722222222222,0.6288888888888889,False
CRP,ER Sepsis Triage,35,0.3775,0.8684444444444445,False
ER Registration,Leucocytes,21,0.30833333333333335,0.32256613756613756,False
ER Sepsis Triage,CRP,192,0.2425,0.29986400462962964,False
ER Sepsis Triage,Leucocytes,269,0.23416666666666666,0.3094568360181743,False
IV Antibiotics,Leucocytes,53,0.22972222222222222,1.177982180293501,False
Leucocytes,ER Sepsis Triage,36,0.22375,0.6131404320987655,False
ER Registration,CRP,14,0.2226388888888889,0.27341269841269844,False
ER Triage,CRP,48,0.21708333333333335,0.26857060185185183,False
ER Triage,Leucocytes,52,0.215,0.886826923076923,False
ER Sepsis Triage,LacticAcid,148,0.20152777777777778,0.262484984984985,False
ER Triage,LacticAcid,29,0.2011111111111111,0.2571360153256705,False
ER Registration,LacticAcid,10,0.18583333333333332,0.2767222222222222,False
IV Liquid,Leucocytes,55,0.18333333333333332,2.316691919191919,False
IV Liquid,CRP,46,0.16694444444444445,7.416642512077295,False
IV Antibiotics,CRP,48,0.15208333333333335,5.072795138888889,False
IV Liquid,LacticAcid,36,0.14972222222222223,0.4280246913580247,False
ER Registration,ER Triage,971,0.13166666666666665,0.17651705000572146,False
IV Antibiotics,LacticAcid,28,0.12777777777777777,0.4984920634920635,False
ER Triage,IV Liquid,11,0.10222222222222223,0.25792929292929295,False
IV Antibiotics,Admission NC,489,0.09777777777777778,1.0813650306748466,False
LacticAcid,ER Triage,14,0.08152777777777778,0.09938492063492063,False
Leucocytes,ER Triage,11,0.08027777777777778,0.10368686868686869,False
IV Liquid,ER Triage,23,0.07611111111111112,0.08281400966183575,False
ER Registration,IV Liquid,22,0.07152777777777777,0.08107323232323232,False
CRP,ER Triage,16,0.05638888888888889,0.11947916666666666,False
ER Sepsis Triage,IV Antibiotics,76,0.05541666666666667,0.5137207602339181,False
IV Antibiotics,Admission IC,46,0.045138888888888895,0.7142753623188406,False
IV Liquid,ER Registration,15,0.035,0.20425925925925925,False
ER Registration,ER Sepsis Triage,11,0.035,0.055303030303030305,False
ER Triage,ER Sepsis Triage,905,0.006944444444444444,0.04840883977900553,False
ER Sepsis Triage,IV Liquid,285,0.006388888888888889,0.20746686159844055,False
IV Liquid,IV Antibiotics,501,0.0016666666666666668,0.2243845642049235,False
IV Antibiotics,IV Liquid,62,0.00041666666666666664,1.5773163082437278,False
CRP,LacticAcid,629,0.0,1.0257816640169581,False
CRP,Leucocytes,1445,0.0,12.404544405997692,False
LacticAcid,CRP,404,0.0,3.698597359735974,False
Leucocytes,CRP,1778,0.0,5.736398575178103,False
LacticAcid,Leucocytes,565,0.0,3.141533923303835,False
Leucocytes,LacticAcid,435,0.0,1.6195785440613026,False
