case_id,duration_hours,temporal_outlier,event_deviation,sequence_deviation,repetition_deviation
A,268.9886111111111,False,0.25,0.9027027027027027,0.5454545454545454
AA,5.354722222222223,False,0.2727272727272727,0.9675675675675676,0.0
AAA,228.98222222222222,False,0.3076923076923077,0.9567567567567568,0.0
AB,3.939722222222222,False,0.2727272727272727,0.9675675675675676,0.0
ABA,148.87666666666667,False,0.25,0.9189189189189189,0.4117647058823529
AC,1660.1344444444444,True,0.3076923076923077,0.9513513513513514,0.15384615384615385
ACA,0.7655555555555555,False,0.2727272727272727,0.9675675675675676,0.0
AD,3272.4894444444444,True,0.23076923076923073,0.8648648648648649,0.5862068965517241
ADA,373.7288888888889,False,0.3846153846153846,0.8918918918918919,0.5833333333333334
AE,3223.9436111111113,True,0.23076923076923073,0.9243243243243243,0.3333333333333333
AEA,4.228055555555556,False,0.18181818181818177,0.9621621621621621,0.0
AF,322.9141666666667,False,0.3076923076923077,0.9351351351351351,0.35294117647058826
AFA,2112.9491666666668,True,0.46153846153846156,0.9459459459459459,0.3076923076923077
AG,10.4,False,0.5454545454545454,0.9783783783783784,0.0
AGA,68.39472222222223,False,0.25,0.9351351351351351,0.3333333333333333
AH,97.41888888888889,False,0.33333333333333337,0.9513513513513514,0.18181818181818182
AHA,62.79472222222222,False,0.25,0.9459459459459459,0.16666666666666666
AI,8742.844166666666,True,0.3076923076923077,0.9405405405405405,0.26666666666666666
AIA,358.47083333333336,False,0.3076923076923077,0.9297297297297298,0.35294117647058826
AJ,385.37444444444446,False,0.25,0.8810810810810811,0.6
AJA,11.651944444444444,False,0.5454545454545454,0.9837837837837837,0.0
AK,10.306944444444444,False,0.18181818181818177,0.9459459459459459,0.18181818181818182
AKA,0.4533333333333333,False,0.7272727272727273,0.9837837837837837,0.0
AL,7693.052222222223,True,0.3076923076923077,0.9243243243243243,0.42105263157894735
ALA,71.47083333333333,False,0.25,0.9459459459459459,0.09090909090909091
AM,0.33416666666666667,False,0.5454545454545454,0.972972972972973,0.0
AMA,222.6863888888889,False,0.5,0.9567567567567568,0.2222222222222222
AN,27.17222222222222,False,0.2727272727272727,0.9621621621621621,0.0
ANA,22.804166666666667,False,0.5,0.9567567567567568,0.2222222222222222
AO,3132.797777777778,True,0.6153846153846154,0.972972972972973,0.0
AP,12.399722222222222,False,0.18181818181818177,0.9405405405405405,0.18181818181818182
AQ,162.605,False,0.25,0.9405405405405405,0.2857142857142857
AR,1011.0191666666667,False,0.3076923076923077,0.8972972972972972,0.5217391304347826
AS,24.726944444444445,False,0.25,0.8972972972972972,0.5454545454545454
AT,0.7411111111111112,False,0.2727272727272727,0.9675675675675676,0.0
AU,84.03222222222222,False,0.25,0.9405405405405405,0.16666666666666666
AV,129.63722222222222,False,0.25,0.9675675675675676,0.0
AW,1.6816666666666666,False,0.36363636363636365,0.9621621621621621,0.0
AX,0.17805555555555555,False,0.4545454545454546,0.9675675675675676,0.0
AY,196.11027777777778,False,0.41666666666666663,0.8918918918918919,0.6363636363636364
AZ,128.14416666666668,False,0.25,0.9351351351351351,0.3333333333333333
B,126.92666666666666,False,0.25,0.9567567567567568,0.16666666666666666
BA,2055.366111111111,True,0.3076923076923077,0.9405405405405405,0.15384615384615385
BAA,63.649166666666666,False,0.25,0.9513513513513514,0.16666666666666666
BB,0.8941666666666667,False,0.4545454545454546,0.9675675675675676,0.0
BBA,122.86083333333333,False,0.25,0.9405405405405405,0.2857142857142857
BC,1.146388888888889,False,0.5454545454545454,0.972972972972973,0.0
BCA,48.3725,False,0.25,0.9081081081081082,0.47368421052631576
BD,79.94166666666666,False,0.25,0.9513513513513514,0.16666666666666666
BDA,122.00083333333333,False,0.25,0.9513513513513514,0.16666666666666666
BE,6051.958611111111,True,0.3076923076923077,0.9405405405405405,0.26666666666666666
BEA,0.8694444444444445,False,0.2727272727272727,0.9783783783783784,0.0
BF,99.37805555555556,False,0.3076923076923077,0.9459459459459459,0.15384615384615385
BFA,102.63333333333334,False,0.16666666666666663,0.9135135135135135,0.47619047619047616
BG,72.48555555555555,False,0.5,0.9513513513513514,0.3
BGA,84.99944444444445,False,0.25,0.9567567567567568,0.16666666666666666
BH,109.68555555555555,False,0.25,0.9081081081081082,0.5
BHA,128.33833333333334,False,0.25,0.9297297297297298,0.3333333333333333
BI,35.12611111111111,False,0.33333333333333337,0.9567567567567568,0.1
BIA,2405.0891666666666,True,0.23076923076923073,0.827027027027027,0.6666666666666666
BJ,151.02972222222223,False,0.16666666666666663,0.9027027027027027,0.47619047619047616
BJA,5580.669166666667,True,0.3076923076923077,0.9297297297297298,0.35294117647058826
BK,2952.2555555555555,True,0.3076923076923077,0.9405405405405405,0.15384615384615385
BKA,575.4313888888889,False,0.3076923076923077,0.9189189189189189,0.42105263157894735
BL,36.3725,False,0.41666666666666663,0.9513513513513514,0.2727272727272727
BLA,1323.0955555555556,True,0.3076923076923077,0.9135135135135135,0.45
BM,2.8833333333333333,False,0.33333333333333337,0.9675675675675676,0.0
BMA,3042.395,True,0.3076923076923077,0.9567567567567568,0.08333333333333333
BN,550.6291666666667,False,0.25,0.8756756756756756,0.6153846153846154
BNA,69.20222222222222,False,0.5,0.9675675675675676,0.0
BO,0.4022222222222222,False,0.4545454545454546,0.9675675675675676,0.0
BP,336.65805555555556,False,0.33333333333333337,0.8864864864864865,0.5909090909090909
BQ,138.84694444444443,False,0.25,0.9459459459459459,0.16666666666666666
BR,4849.651111111111,True,0.3076923076923077,0.9513513513513514,0.0
BS,310.7052777777778,False,0.09090909090909094,0.9351351351351351,0.23076923076923078
BT,2041.8558333333333,True,0.3076923076923077,0.9459459459459459,0.15384615384615385
BU,97.03666666666666,False,0.25,0.9297297297297298,0.2857142857142857
BV,117.30194444444444,False,0.25,0.9297297297297298,0.375
BW,453.33916666666664,False,0.25,0.9081081081081082,0.5238095238095238
BX,2413.9425,True,0.3076923076923077,0.9297297297297298,0.35294117647058826
BY,0.8891666666666667,False,0.4545454545454546,0.9675675675675676,0.0
BZ,306.05805555555554,False,0.33333333333333337,0.8810810810810811,0.625
C,134.50861111111112,False,0.33333333333333337,0.9405405405405405,0.35714285714285715
CA,0.7569444444444444,False,0.2727272727272727,0.9567567567567568,0.0
CAA,1.0197222222222222,False,0.2727272727272727,0.9675675675675676,0.0
CB,164.38444444444445,False,0.25,0.9405405405405405,0.2857142857142857
CBA,351.6625,False,0.25,0.9081081081081082,0.5238095238095238
CC,85.47333333333333,False,0.3076923076923077,0.9351351351351351,0.21428571428571427
CCA,3.3330555555555557,False,0.2727272727272727,0.9621621621621621,0.0
CD,5.613611111111111,False,0.2727272727272727,0.9675675675675676,0.0
CDA,0.034722222222222224,False,0.7272727272727273,0.9837837837837837,0.0
CE,231.32111111111112,False,0.25,0.9567567567567568,0.09090909090909091
CEA,191.55555555555554,False,0.25,0.9405405405405405,0.2857142857142857
CF,575.7672222222222,False,0.3846153846153846,0.8702702702702703,0.6296296296296297
CFA,349.4033333333333,False,0.33333333333333337,0.9135135135135135,0.5
CG,118.8125,False,0.25,0.9351351351351351,0.3333333333333333
CGA,60.595555555555556,False,0.33333333333333337,0.9621621621621621,0.1
CH,56.07,False,0.33333333333333337,0.9567567567567568,0.0
CHA,206.36194444444445,False,0.3076923076923077,0.9513513513513514,0.15384615384615385
CI,91.50305555555556,False,0.25,0.9351351351351351,0.23076923076923078
CIA,1.181111111111111,False,0.5454545454545454,0.972972972972973,0.0
CJ,254.43333333333334,False,0.25,0.9027027027027027,0.6
CJA,83.5825,False,0.5,0.9621621621621621,0.125
CK,0.44305555555555554,False,0.5454545454545454,0.972972972972973,0.0
CKA,217.12083333333334,False,0.25,0.9243243243243243,0.4117647058823529
CL,0.15,False,0.6363636363636364,0.9783783783783784,0.0
CLA,2.9883333333333333,False,0.2727272727272727,0.972972972972973,0.0
CM,117.99888888888889,False,0.33333333333333337,0.9297297297297298,0.4
CMA,9.050555555555556,False,0.2727272727272727,0.9567567567567568,0.0
CN,15.884166666666667,False,0.25,0.9567567567567568,0.09090909090909091
CNA,410.3747222222222,False,0.5384615384615384,0.9189189189189189,0.5294117647058824
CO,90.255,False,0.41666666666666663,0.972972972972973,0.0
CP,453.88722222222225,False,0.09090909090909094,0.9189189189189189,0.3333333333333333
CQ,84.7675,False,0.25,0.9459459459459459,0.23076923076923078
CR,931.3172222222222,False,0.3076923076923077,0.9297297297297298,0.35294117647058826
CS,1.6972222222222222,False,0.36363636363636365,0.9675675675675676,0.0
CT,136.22083333333333,False,0.25,0.9513513513513514,0.16666666666666666
CU,212.7861111111111,False,0.46153846153846156,0.9513513513513514,0.18181818181818182
CV,84.23861111111111,False,0.25,0.9513513513513514,0.16666666666666666
CW,95.5038888888889,False,0.25,0.9405405405405405,0.3333333333333333
CX,108.5286111111111,False,0.33333333333333337,0.9351351351351351,0.35714285714285715
CY,684.9508333333333,False,0.16666666666666663,0.8378378378378378,0.6666666666666666
CZ,347.20472222222224,False,0.16666666666666663,0.8108108108108107,0.725
D,437.7447222222222,False,0.3076923076923077,0.9513513513513514,0.15384615384615385
DA,135.88166666666666,False,0.09090909090909094,0.9405405405405405,0.16666666666666666
DAA,204.74555555555557,False,0.25,0.9351351351351351,0.375
DB,119.56194444444445,False,0.25,0.9513513513513514,0.16666666666666666
DBA,94.57583333333334,False,0.25,0.9459459459459459,0.2857142857142857
DC,6311.349166666667,True,0.3076923076923077,0.9567567567567568,0.08333333333333333
DCA,1007.1513888888888,False,0.3076923076923077,0.9513513513513514,0.15384615384615385
DD,126.26027777777777,False,0.41666666666666663,0.9621621621621621,0.0
DDA,255.71444444444444,False,0.25,0.9135135135135135,0.4117647058823529
DE,0.39055555555555554,False,0.5454545454545454,0.972972972972973,0.0
DEA,55.39277777777778,False,0.25,0.9351351351351351,0.2857142857142857
DF,2.209722222222222,False,0.5454545454545454,0.9783783783783784,0.0
DFA,167.52583333333334,False,0.5,0.9513513513513514,0.3
DG,79.14527777777778,False,0.25,0.9513513513513514,0.16666666666666666
DGA,302.30055555555555,False,0.09090909090909094,0.9027027027027027,0.4444444444444444
DH,2633.214722222222,True,0.3846153846153846,0.9351351351351351,0.3333333333333333
DHA,114.79666666666667,False,0.5,0.9621621621621621,0.125
DI,58.59916666666667,False,0.25,0.9513513513513514,0.16666666666666666
DIA,0.25972222222222224,False,0.5454545454545454,0.972972972972973,0.0
DJ,3091.613611111111,True,0.23076923076923073,0.8972972972972972,0.4782608695652174
DJA,1309.0155555555555,True,0.46153846153846156,0.9621621621621621,0.0
DK,2313.5316666666668,True,0.3076923076923077,0.9621621621621621,0.15384615384615385
DKA,721.6880555555556,False,0.3076923076923077,0.9513513513513514,0.21428571428571427
DL,85.34305555555555,False,0.25,0.9567567567567568,0.09090909090909091
DLA,3.5652777777777778,False,0.2727272727272727,0.972972972972973,0.0
DM,1.7966666666666666,False,0.2727272727272727,0.972972972972973,0.0
DMA,0.3288888888888889,False,0.7272727272727273,0.9837837837837837,0.0
DN,0.15611111111111112,False,0.5454545454545454,0.972972972972973,0.0
DNA,2.6572222222222224,False,0.2727272727272727,0.9675675675675676,0.0
DO,743.6872222222222,False,0.3076923076923077,0.9351351351351351,0.3125
DP,119.04805555555555,False,0.25,0.9405405405405405,0.2857142857142857
DQ,1.3075,False,0.2727272727272727,0.9675675675675676,0.0
DR,119.635,False,0.25,0.9351351351351351,0.3333333333333333
DS,205.6136111111111,False,0.25,0.9297297297297298,0.3333333333333333
DT,147.91,False,0.41666666666666663,0.9567567567567568,0.1111111111111111
DU,2.4788888888888887,False,0.18181818181818177,0.9567567567567568,0.0
DV,1.7194444444444446,False,0.2727272727272727,0.9675675675675676,0.0
DW,72.85416666666667,False,0.25,0.9513513513513514,0.23076923076923078
DX,92.31666666666666,False,0.25,0.9621621621621621,0.23076923076923078
DY,156.75416666666666,False,0.25,0.9405405405405405,0.2857142857142857
DZ,496.2052777777778,False,0.16666666666666663,0.8378378378378378,0.65625
E,0.3502777777777778,False,0.2727272727272727,0.9567567567567568,0.0
EA,3959.505,True,0.3076923076923077,0.9405405405405405,0.26666666666666666
EAA,61.669444444444444,False,0.41666666666666663,0.9297297297297298,0.4666666666666667
EB,4.081388888888889,False,0.2727272727272727,0.9675675675675676,0.0
EBA,69.995,False,0.25,0.9513513513513514,0.16666666666666666
EC,408.52777777777777,False,0.25,0.9243243243243243,0.4117647058823529
ECA,112.36555555555556,False,0.16666666666666663,0.9189189189189189,0.42105263157894735
ED,4019.6075,True,0.3076923076923077,0.8432432432432433,0.6666666666666666
EDA,157.64583333333334,False,0.3076923076923077,0.9567567567567568,0.08333333333333333
EE,124.93277777777777,False,0.5,0.9675675675675676,0.0
EEA,3409.853888888889,True,0.3076923076923077,0.9459459459459459,0.15384615384615385
EF,92.39583333333333,False,0.25,0.9513513513513514,0.2857142857142857
EFA,0.4075,False,0.4545454545454546,0.9675675675675676,0.0
EG,1.0508333333333333,False,0.5454545454545454,0.9783783783783784,0.0
EGA,165.10166666666666,False,0.25,0.9405405405405405,0.23076923076923078
EH,117.5338888888889,False,0.25,0.9621621621621621,0.0
EHA,259.5338888888889,False,0.16666666666666663,0.854054054054054,0.6333333333333333
EI,476.96166666666664,False,0.3846153846153846,0.9405405405405405,0.2857142857142857
EIA,4632.4638888888885,True,0.3076923076923077,0.9567567567567568,0.08333333333333333
EJ,48.5,False,0.33333333333333337,0.9567567567567568,0.18181818181818182
EJA,117.24583333333334,False,0.33333333333333337,0.9675675675675676,0.0
EK,169.68583333333333,False,0.16666666666666663,0.9027027027027027,0.45
EKA,99.49555555555555,False,0.25,0.9297297297297298,0.2857142857142857
EL,151.6172222222222,False,0.25,0.9351351351351351,0.2857142857142857
ELA,278.72055555555556,False,0.25,0.9135135135135135,0.5
EM,2206.867222222222,True,0.23076923076923073,0.8648648648648649,0.5862068965517241
EMA,791.5769444444444,False,0.3076923076923077,0.9297297297297298,0.35294117647058826
EN,6.3677777777777775,False,0.2727272727272727,0.9675675675675676,0.0
ENA,0.5188888888888888,False,0.5454545454545454,0.972972972972973,0.0
EO,4422.583055555556,True,0.3076923076923077,0.9405405405405405,0.26666666666666666
EP,3.4786111111111113,False,0.2727272727272727,0.9621621621621621,0.0
EQ,544.9591666666666,False,0.3076923076923077,0.8594594594594595,0.6333333333333333
ER,1.0544444444444445,False,0.2727272727272727,0.9675675675675676,0.0
ES,742.1872222222222,False,0.23076923076923073,0.772972972972973,0.75
ET,69.9,False,0.25,0.9621621621621621,0.0
EU,4292.789444444445,True,0.3076923076923077,0.9459459459459459,0.21428571428571427
EV,24.295,False,0.2727272727272727,0.9567567567567568,0.2
EW,349.46194444444444,False,0.25,0.8918918918918919,0.5652173913043478
EX,427.875,False,0.25,0.8918918918918919,0.5833333333333334
EY,126.9675,False,0.33333333333333337,0.9513513513513514,0.25
EZ,1.3002777777777779,False,0.4545454545454546,0.9675675675675676,0.0
F,40.05083333333334,False,0.25,0.9621621621621621,0.0
FA,5.78,False,0.2727272727272727,0.972972972972973,0.0
FAA,5798.248888888889,True,0.3076923076923077,0.9297297297297298,0.35294117647058826
FB,0.5269444444444444,False,0.2727272727272727,0.9567567567567568,0.0
FBA,6461.708888888889,True,0.5384615384615384,0.9567567567567568,0.2
FC,44.39972222222222,False,0.5,0.9675675675675676,0.0
FCA,955.8547222222222,False,0.3076923076923077,0.9405405405405405,0.26666666666666666
FD,8.563888888888888,False,0.2727272727272727,0.9459459459459459,0.2727272727272727
FDA,374.45222222222225,False,0.3076923076923077,0.9243243243243243,0.3888888888888889
FE,641.8036111111111,False,0.46153846153846156,0.9243243243243243,0.47058823529411764
FEA,37.897777777777776,False,0.25,0.9675675675675676,0.0
FF,5.811944444444444,False,0.2727272727272727,0.9621621621621621,0.0
FFA,0.10777777777777778,False,0.7272727272727273,0.9837837837837837,0.0
FG,121.05055555555556,False,0.25,0.9459459459459459,0.09090909090909091
FGA,24.153055555555557,False,0.18181818181818177,0.9459459459459459,0.18181818181818182
FH,1135.7311111111112,True,0.3846153846153846,0.9459459459459459,0.23076923076923078
FHA,5596.847222222223,True,0.3846153846153846,0.9459459459459459,0.23076923076923078
FI,3.160833333333333,False,0.2727272727272727,0.9675675675675676,0.0
FIA,499.25638888888886,False,0.2727272727272727,0.9351351351351351,0.38461538461538464
FJ,2954.3294444444446,True,0.3076923076923077,0.9567567567567568,0.15384615384615385
FJA,253.71083333333334,False,0.25,0.9297297297297298,0.375
FK,277.6722222222222,False,0.25,0.9135135135135135,0.4117647058823529
FKA,108.4588888888889,False,0.41666666666666663,0.9459459459459459,0.2727272727272727
FL,27.033333333333335,False,0.18181818181818177,0.9621621621621621,0.0
FLA,1.1322222222222222,False,0.5454545454545454,0.9783783783783784,0.0
FM,790.3483333333334,False,0.33333333333333337,0.9297297297297298,0.4375
FMA,118.74111111111111,False,0.3076923076923077,0.9567567567567568,0.15384615384615385
FN,112.01305555555555,False,0.25,0.8918918918918919,0.5652173913043478
FNA,25.26388888888889,False,0.18181818181818177,0.9621621621621621,0.0
FO,151.91333333333333,False,0.16666666666666663,0.8756756756756756,0.6071428571428571
FP,2.359166666666667,False,0.4545454545454546,0.9675675675675676,0.0
FQ,3.2405555555555554,False,0.41666666666666663,0.9675675675675676,0.0
FR,3.4547222222222222,False,0.18181818181818177,0.9621621621621621,0.0
FS,0.11083333333333334,False,0.4545454545454546,0.9675675675675676,0.0
FT,432.31138888888887,False,0.25,0.8108108108108107,0.7297297297297297
FU,146.85222222222222,False,0.41666666666666663,0.9405405405405405,0.3333333333333333
FV,0.3447222222222222,False,0.2727272727272727,0.9567567567567568,0.0
FW,2220.259722222222,True,0.3076923076923077,0.9189189189189189,0.45
FX,483.31805555555553,False,0.3846153846153846,0.9243243243243243,0.4117647058823529
FY,380.6433333333333,False,0.3076923076923077,0.9351351351351351,0.35294117647058826
FZ,409.23027777777776,False,0.3076923076923077,0.9243243243243243,0.3888888888888889
G,163.3202777777778,False,0.25,0.9405405405405405,0.16666666666666666
GA,98.37833333333333,False,0.25,0.9405405405405405,0.16666666666666666
GAA,123.89472222222223,False,0.25,0.9243243243243243,0.375
GB,5893.2733333333335,True,0.3076923076923077,0.9567567567567568,0.15384615384615385
GBA,3867.9883333333332,True,0.3076923076923077,0.9621621621621621,0.0
GC,147.69416666666666,False,0.25,0.9405405405405405,0.16666666666666666
GCA,3961.06,True,0.3076923076923077,0.9459459459459459,0.21428571428571427
GD,139.1797222222222,False,0.09090909090909094,0.9351351351351351,0.2857142857142857
GDA,4978.453888888889,True,0.5384615384615384,0.9621621621621621,0.1111111111111111
GE,167.5,False,0.25,0.9351351351351351,0.3333333333333333
GEA,90.87083333333334,False,0.25,0.9405405405405405,0.2857142857142857
GF,1075.4752777777778,True,0.23076923076923073,0.7027027027027026,0.7966101694915254
GFA,38.341944444444444,False,0.25,0.9621621621621621,0.0
GG,868.2516666666667,False,0.46153846153846156,0.9189189189189189,0.5
GGA,1.9383333333333332,False,0.2727272727272727,0.9675675675675676,0.0
GH,1.9047222222222222,False,0.2727272727272727,0.972972972972973,0.0
GHA,114.62694444444445,False,0.25,0.9405405405405405,0.2857142857142857
GI,221.36666666666667,False,0.33333333333333337,0.9513513513513514,0.25
GIA,0.5930555555555556,False,0.36363636363636365,0.9675675675675676,0.0
GJ,2078.643888888889,True,0.23076923076923073,0.8972972972972972,0.42857142857142855
GJA,593.7386111111111,False,0.3076923076923077,0.9243243243243243,0.42105263157894735
GK,1011.7666666666667,False,0.16666666666666663,0.5837837837837838,0.875
GKA,0.4436111111111111,False,0.4545454545454546,0.9675675675675676,0.0
GL,179.37916666666666,False,0.3846153846153846,0.9351351351351351,0.3333333333333333
GLA,133.08277777777778,False,0.33333333333333337,0.9297297297297298,0.35714285714285715
GM,164.5125,False,0.09090909090909094,0.9351351351351351,0.23076923076923078
GMA,216.92277777777778,False,0.5,0.9351351351351351,0.46153846153846156
GN,862.2694444444444,False,0.23076923076923073,0.8216216216216217,0.7073170731707317
GNA,159.57527777777779,False,0.16666666666666663,0.8810810810810811,0.56
GO,141.1325,False,0.16666666666666663,0.9081081081081082,0.45
GP,95.20027777777777,False,0.25,0.9675675675675676,0.0
GQ,96.62416666666667,False,0.33333333333333337,0.9567567567567568,0.1
GR,0.15944444444444444,False,0.5454545454545454,0.972972972972973,0.0
GS,332.2572222222222,False,0.5,0.9189189189189189,0.5625
GT,554.1341666666667,False,0.46153846153846156,0.8918918918918919,0.5909090909090909
GU,2402.5358333333334,True,0.3846153846153846,0.9405405405405405,0.3333333333333333
GV,245.02527777777777,False,0.25,0.9297297297297298,0.2857142857142857
GW,2.7669444444444444,False,0.2727272727272727,0.9513513513513514,0.2727272727272727
GX,79.0,False,0.25,0.9351351351351351,0.3333333333333333
GY,260.4563888888889,False,0.25,0.9513513513513514,0.23076923076923078
GZ,0.2997222222222222,False,0.5454545454545454,0.972972972972973,0.0
H,111.1661111111111,False,0.33333333333333337,0.9351351351351351,0.3076923076923077
HA,142.3552777777778,False,0.41666666666666663,0.9513513513513514,0.2727272727272727
HAA,237.1761111111111,False,0.25,0.8972972972972972,0.5238095238095238
HB,117.18944444444445,False,0.25,0.9351351351351351,0.3333333333333333
HBA,3137.597222222222,True,0.16666666666666663,0.9351351351351351,0.26666666666666666
HC,0.5769444444444445,False,0.5454545454545454,0.972972972972973,0.0
HCA,0.3005555555555556,False,0.2727272727272727,0.9567567567567568,0.0
HD,150.79472222222222,False,0.16666666666666663,0.854054054054054,0.65625
HDA,8758.643333333333,True,0.3076923076923077,0.9459459459459459,0.08333333333333333
HE,169.48666666666668,False,0.25,0.9243243243243243,0.4117647058823529
HEA,137.55388888888888,False,0.3076923076923077,0.9081081081081082,0.42105263157894735
HF,134.49138888888888,False,0.25,0.9405405405405405,0.23076923076923078
HFA,4.918611111111111,False,0.2727272727272727,0.9621621621621621,0.0
HG,10135.774722222222,True,0.3846153846153846,0.9297297297297298,0.3333333333333333
HGA,266.7713888888889,False,0.25,0.9351351351351351,0.375
HH,92.58694444444444,False,0.25,0.9513513513513514,0.16666666666666666
HHA,114.56222222222222,False,0.16666666666666663,0.9297297297297298,0.3125
HI,507.84694444444443,False,0.46153846153846156,0.9621621621621621,0.0
HIA,1249.5713888888888,True,0.3076923076923077,0.9297297297297298,0.3125
HJ,116.34333333333333,False,0.25,0.9351351351351351,0.3333333333333333
HJA,166.09,False,0.25,0.9459459459459459,0.23076923076923078
HK,379.9766666666667,False,0.09090909090909094,0.9567567567567568,0.0
HKA,235.84666666666666,False,0.25,0.9135135135135135,0.47368421052631576
HL,2386.031111111111,True,0.3076923076923077,0.9405405405405405,0.26666666666666666
HLA,149.41,False,0.16666666666666663,0.9297297297297298,0.3125
HM,287.6666666666667,False,0.36363636363636365,0.9297297297297298,0.5333333333333333
HMA,0.1938888888888889,False,0.7272727272727273,0.9837837837837837,0.0
HN,310.49194444444447,False,0.3076923076923077,0.9189189189189189,0.3888888888888889
HNA,288.0525,False,0.25,0.8486486486486486,0.6666666666666666
HO,386.5622222222222,False,0.25,0.8810810810810811,0.6
HP,80.42222222222222,False,0.41666666666666663,0.9459459459459459,0.2727272727272727
HQ,74.58777777777777,False,0.25,0.9459459459459459,0.23076923076923078
HR,39.409166666666664,False,0.25,0.9621621621621621,0.0
HS,435.68805555555554,False,0.23076923076923073,0.7837837837837838,0.7333333333333333
HT,175.63694444444445,False,0.25,0.9405405405405405,0.2857142857142857
HU,0.19333333333333333,False,0.7272727272727273,0.9837837837837837,0.0
HV,149.56944444444446,False,0.25,0.9351351351351351,0.375
HW,0.9388888888888889,False,0.5454545454545454,0.972972972972973,0.16666666666666666
HX,80.97277777777778,False,0.25,0.9567567567567568,0.0
HY,1405.108611111111,True,0.3076923076923077,0.9351351351351351,0.26666666666666666
HZ,109.94916666666667,False,0.16666666666666663,0.9027027027027027,0.5
I,171.7325,False,0.33333333333333337,0.9459459459459459,0.18181818181818182
IA,0.5,False,0.2727272727272727,0.9675675675675676,0.0
IAA,1637.5519444444444,True,0.46153846153846156,0.9621621621621621,0.0
IB,82.75638888888889,False,0.25,0.9459459459459459,0.2857142857142857
IBA,122.39694444444444,False,0.25,0.9459459459459459,0.16666666666666666
IC,1526.4275,True,0.3076923076923077,0.9513513513513514,0.08333333333333333
ICA,0.24583333333333332,False,0.5454545454545454,0.972972972972973,0.0
ID,0.6352777777777778,False,0.7272727272727273,0.9837837837837837,0.0
IDA,942.3797222222222,False,0.3076923076923077,0.9513513513513514,0.15384615384615385
IE,64.28666666666666,False,0.5,0.9675675675675676,0.0
IEA,1278.6894444444445,True,0.3076923076923077,0.9459459459459459,0.15384615384615385
IF,140.31666666666666,False,0.25,0.9243243243243243,0.4117647058823529
IFA,2.8455555555555554,False,0.2727272727272727,0.9675675675675676,0.0
IG,277.87,False,0.5,0.9081081081081082,0.6111111111111112
IGA,489.0308333333333,False,0.3076923076923077,0.9297297297297298,0.3125
IH,468.3561111111111,False,0.3076923076923077,0.9297297297297298,0.35294117647058826
IHA,93.32611111111112,False,0.25,0.9297297297297298,0.375
II,118.76277777777777,False,0.3076923076923077,0.9567567567567568,0.15384615384615385
IIA,92.65222222222222,False,0.25,0.9459459459459459,0.23076923076923078
IJ,158.83083333333335,False,0.25,0.9297297297297298,0.375
IJA,11.52111111111111,False,0.18181818181818177,0.9513513513513514,0.18181818181818182
IK,0.5747222222222222,False,0.4545454545454546,0.9675675675675676,0.0
IKA,1.0875,False,0.2727272727272727,0.9675675675675676,0.0
IL,91.24805555555555,False,0.25,0.9405405405405405,0.23076923076923078
ILA,503.1166666666667,False,0.3076923076923077,0.9567567567567568,0.08333333333333333
IM,747.4194444444445,False,0.16666666666666663,0.8216216216216217,0.7027027027027027
IMA,2.354722222222222,False,0.5454545454545454,0.9783783783783784,0.0
IN,17.920555555555556,False,0.18181818181818177,0.9513513513513514,0.18181818181818182
INA,1.0344444444444445,False,0.7272727272727273,0.9837837837837837,0.0
IO,1439.2683333333334,True,0.3076923076923077,0.9243243243243243,0.35294117647058826
IP,295.32194444444445,False,0.3846153846153846,0.9297297297297298,0.375
IQ,117.18472222222222,False,0.3076923076923077,0.9513513513513514,0.15384615384615385
IR,0.7988888888888889,False,0.2727272727272727,0.9621621621621621,0.1111111111111111
IS,312.03277777777777,False,0.25,0.8864864864864865,0.5652173913043478
IT,2428.2366666666667,True,0.3076923076923077,0.9351351351351351,0.3125
IU,158.80166666666668,False,0.25,0.9297297297297298,0.3333333333333333
IV,3.5383333333333336,False,0.2727272727272727,0.9675675675675676,0.0
IW,52.7,False,0.25,0.9405405405405405,0.23076923076923078
IX,4.183055555555556,False,0.2727272727272727,0.9675675675675676,0.0
IY,1061.3569444444445,True,0.3076923076923077,0.9243243243243243,0.3888888888888889
IZ,60.00111111111111,False,0.5,0.9675675675675676,0.0
J,90.2375,False,0.25,0.9513513513513514,0.09090909090909091
JA,1692.6630555555555,True,0.3846153846153846,0.9459459459459459,0.2857142857142857
JAA,697.9141666666667,False,0.5,0.8810810810810811,0.6956521739130435
JB,1.8091666666666666,False,0.2727272727272727,0.9675675675675676,0.0
JBA,2.0252777777777777,False,0.2727272727272727,0.972972972972973,0.0
JC,1947.2427777777777,True,0.3076923076923077,0.9297297297297298,0.26666666666666666
JCA,1899.2672222222222,True,0.3076923076923077,0.9189189189189189,0.3888888888888889
JD,5258.408888888889,True,0.3076923076923077,0.9513513513513514,0.21428571428571427
JDA,6.989166666666667,False,0.2727272727272727,0.972972972972973,0.0
JE,403.82944444444445,False,0.3076923076923077,0.9351351351351351,0.3125
JEA,2.069166666666667,False,0.18181818181818177,0.9567567567567568,0.0
JF,3.4497222222222224,False,0.2727272727272727,0.9621621621621621,0.0
JFA,4895.843055555555,True,0.5384615384615384,0.9675675675675676,0.0
JG,189.0661111111111,False,0.25,0.9351351351351351,0.23076923076923078
JGA,27.601666666666667,False,0.41666666666666663,0.9621621621621621,0.0
JH,295.4122222222222,False,0.3076923076923077,0.9513513513513514,0.08333333333333333
JHA,73.33416666666666,False,0.5833333333333333,0.9675675675675676,0.14285714285714285
JI,0.5538888888888889,False,0.2727272727272727,0.9567567567567568,0.0
JIA,7.025,False,0.36363636363636365,0.972972972972973,0.2222222222222222
JJ,98.12027777777777,False,0.25,0.9513513513513514,0.16666666666666666
JJA,102.06666666666666,False,0.41666666666666663,0.9567567567567568,0.1111111111111111
JK,122.28194444444445,False,0.16666666666666663,0.8486486486486486,0.6451612903225806
JKA,138.83305555555555,False,0.25,0.9405405405405405,0.23076923076923078
JL,20.094722222222224,False,0.25,0.9621621621621621,0.0
JLA,367.74611111111113,False,0.25,0.8864864864864865,0.6
JM,478.73277777777776,False,0.41666666666666663,0.9351351351351351,0.38461538461538464
JMA,206.98388888888888,False,0.25,0.9189189189189189,0.4117647058823529
JN,88.22527777777778,False,0.25,0.9567567567567568,0.16666666666666666
JNA,0.12222222222222222,False,0.7272727272727273,0.9837837837837837,0.0
JO,312.92833333333334,False,0.3076923076923077,0.9513513513513514,0.08333333333333333
JP,0.19111111111111112,False,0.5454545454545454,0.972972972972973,0.0
JQ,104.30194444444444,False,0.25,0.9189189189189189,0.4444444444444444
JR,1324.2311111111112,True,0.3076923076923077,0.9351351351351351,0.3125
JS,857.5466666666666,False,0.33333333333333337,0.8054054054054054,0.7692307692307693
JT,285.8261111111111,False,0.33333333333333337,0.9297297297297298,0.35714285714285715
JU,107.35833333333333,False,0.25,0.9351351351351351,0.375
JV,131.57527777777779,False,0.25,0.9297297297297298,0.3333333333333333
JW,246.59472222222223,False,0.3076923076923077,0.9351351351351351,0.3125
JX,118.2125,False,0.16666666666666663,0.9243243243243243,0.35294117647058826
JY,714.1905555555555,False,0.3076923076923077,0.9297297297297298,0.3888888888888889
JZ,12.433333333333334,False,0.2727272727272727,0.9567567567567568,0.2
K,2567.736388888889,True,0.3076923076923077,0.9351351351351351,0.3125
KA,124.31027777777778,False,0.25,0.9189189189189189,0.375
KAA,23.3225,False,0.6666666666666667,0.9783783783783784,0.0
KB,3468.04,True,0.3076923076923077,0.9621621621621621,0.0
KBA,71.81111111111112,False,0.25,0.9243243243243243,0.3333333333333333
KC,410.5672222222222,False,0.25,0.9459459459459459,0.23076923076923078
KCA,92.08055555555555,False,0.33333333333333337,0.9513513513513514,0.18181818181818182
KD,2914.9108333333334,True,0.23076923076923073,0.9351351351351351,0.29411764705882354
KDA,0.19777777777777777,False,0.7272727272727273,0.9837837837837837,0.0
KE,8064.397222222222,True,0.3076923076923077,0.9351351351351351,0.3125
KEA,1.3266666666666667,False,0.2727272727272727,0.9675675675675676,0.0
KF,110.36472222222223,False,0.25,0.9297297297297298,0.3333333333333333
KFA,647.4413888888889,False,0.3076923076923077,0.9351351351351351,0.26666666666666666
KG,98.38333333333334,False,0.25,0.9405405405405405,0.375
KGA,3.233888888888889,False,0.4545454545454546,0.9675675675675676,0.0
KH,77.46638888888889,False,0.25,0.9459459459459459,0.16666666666666666
KHA,214.21472222222224,False,0.25,0.9567567567567568,0.0
KI,1141.7544444444445,True,0.3076923076923077,0.9405405405405405,0.3125
KIA,103.13555555555556,False,0.25,0.9405405405405405,0.23076923076923078
KJ,98.92944444444444,False,0.33333333333333337,0.9567567567567568,0.1
KJA,6.5777777777777775,False,0.5454545454545454,0.9837837837837837,0.0
KK,80.62361111111112,False,0.25,0.9459459459459459,0.2857142857142857
KKA,301.7322222222222,False,0.16666666666666663,0.9405405405405405,0.21428571428571427
KL,0.6572222222222223,False,0.5454545454545454,0.9783783783783784,0.0
KLA,125.0325,False,0.25,0.9405405405405405,0.2857142857142857
KM,1668.3266666666666,True,0.23076923076923073,0.32432432432432434,0.9294117647058824
KMA,201.35861111111112,False,0.25,0.8972972972972972,0.5
KN,174.5236111111111,False,0.25,0.9405405405405405,0.2857142857142857
KNA,113.52277777777778,False,0.25,0.9351351351351351,0.3333333333333333
KO,2602.3375,True,0.3846153846153846,0.9297297297297298,0.375
KP,70.59666666666666,False,0.25,0.9675675675675676,0.0
KQ,3862.989722222222,True,0.5384615384615384,0.9567567567567568,0.2727272727272727
KR,4.032222222222222,False,0.18181818181818177,0.9621621621621621,0.0
KS,1215.263888888889,True,0.3076923076923077,0.9027027027027027,0.5
KT,86.58527777777778,False,0.25,0.9405405405405405,0.23076923076923078
KU,0.32805555555555554,False,0.2727272727272727,0.9675675675675676,0.0
KV,147.6625,False,0.5384615384615384,0.972972972972973,0.0
KW,192.19472222222223,False,0.3076923076923077,0.9513513513513514,0.15384615384615385
KX,509.1647222222222,False,0.46153846153846156,0.854054054054054,0.7
KY,0.31083333333333335,False,0.5454545454545454,0.972972972972973,0.0
KZ,70.43833333333333,False,0.25,0.9297297297297298,0.4117647058823529
L,269.88666666666666,False,0.3076923076923077,0.9405405405405405,0.26666666666666666
LA,0.2758333333333333,False,0.5454545454545454,0.972972972972973,0.0
LAA,0.9775,False,0.2727272727272727,0.9675675675675676,0.0
LB,235.89388888888888,False,0.25,0.9189189189189189,0.47368421052631576
LBA,348.50388888888887,False,0.09090909090909094,0.8972972972972972,0.47368421052631576
LC,578.2825,False,0.3846153846153846,0.9027027027027027,0.5238095238095238
LCA,3.2875,False,0.2727272727272727,0.9621621621621621,0.0
LD,172.8538888888889,False,0.25,0.9351351351351351,0.2857142857142857
LDA,113.58777777777777,False,0.25,0.9297297297297298,0.3333333333333333
LE,79.49583333333334,False,0.25,0.9459459459459459,0.16666666666666666
LEA,155.79361111111112,False,0.16666666666666663,0.854054054054054,0.6333333333333333
LF,0.8708333333333333,False,0.5454545454545454,0.972972972972973,0.0
LFA,92.36527777777778,False,0.25,0.9621621621621621,0.0
LG,2934.1991666666668,True,0.23076923076923073,0.7945945945945946,0.7073170731707317
LGA,5.191111111111111,False,0.18181818181818177,0.972972972972973,0.0
LH,265.66027777777776,False,0.5,0.9135135135135135,0.5882352941176471
LHA,96.35972222222222,False,0.25,0.9351351351351351,0.23076923076923078
LI,3783.761111111111,True,0.3076923076923077,0.9459459459459459,0.21428571428571427
LIA,1155.1522222222222,True,0.23076923076923073,0.854054054054054,0.6129032258064516
LJ,1165.15,True,0.25,0.8594594594594595,0.6774193548387096
LJA,2.2822222222222224,False,0.2727272727272727,0.9675675675675676,0.0
LK,88.00138888888888,False,0.25,0.9513513513513514,0.16666666666666666
LKA,907.5022222222223,False,0.3076923076923077,0.8918918918918919,0.5416666666666666
LL,285.21944444444443,False,0.25,0.8972972972972972,0.5454545454545454
LLA,0.2902777777777778,False,0.5454545454545454,0.972972972972973,0.0
LM,561.4869444444445,False,0.16666666666666663,0.8216216216216217,0.6857142857142857
LMA,28.654166666666665,False,0.5833333333333333,0.972972972972973,0.0
LN,8222.7375,True,0.3076923076923077,0.9297297297297298,0.26666666666666666
LNA,0.06972222222222223,False,0.7272727272727273,0.9837837837837837,0.0
LO,2.7644444444444445,False,0.2727272727272727,0.9675675675675676,0.0
LP,296.6425,False,0.25,0.9135135135135135,0.47368421052631576
LQ,228.105,False,0.3076923076923077,0.9189189189189189,0.47619047619047616
LR,142.3713888888889,False,0.25,0.9513513513513514,0.16666666666666666
LS,9527.241666666667,True,0.3076923076923077,0.9405405405405405,0.26666666666666666
LT,355.9886111111111,False,0.25,0.8702702702702703,0.6551724137931034
LU,232.95,False,0.3076923076923077,0.9513513513513514,0.15384615384615385
LV,501.7061111111111,False,0.5,0.9027027027027027,0.631578947368421
LW,145.08333333333334,False,0.25,0.9351351351351351,0.3333333333333333
LX,98.75,False,0.25,0.9513513513513514,0.23076923076923078
LY,0.2675,False,0.7272727272727273,0.9837837837837837,0.0
LZ,1453.9619444444445,True,0.3076923076923077,0.9135135135135135,0.47619047619047616
M,0.03805555555555556,False,0.7272727272727273,0.9837837837837837,0.0
MA,72.7475,False,0.25,0.9405405405405405,0.2857142857142857
MAA,70.0625,False,0.41666666666666663,0.9297297297297298,0.42857142857142855
MB,0.12583333333333332,False,0.7272727272727273,0.9837837837837837,0.0
MBA,96.51305555555555,False,0.25,0.9459459459459459,0.09090909090909091
MC,236.0088888888889,False,0.3076923076923077,0.9405405405405405,0.21428571428571427
MCA,0.47333333333333333,False,0.5454545454545454,0.972972972972973,0.0
MD,328.3330555555556,False,0.3076923076923077,0.9459459459459459,0.26666666666666666
MDA,10.991388888888888,False,0.18181818181818177,0.9513513513513514,0.25
ME,2744.988888888889,True,0.3076923076923077,0.9459459459459459,0.26666666666666666
MEA,191.93027777777777,False,0.25,0.9027027027027027,0.5238095238095238
MF,0.6863888888888889,False,0.7272727272727273,0.9837837837837837,0.0
MFA,1000.3663888888889,False,0.3076923076923077,0.9567567567567568,0.15384615384615385
MG,5.633611111111111,False,0.5454545454545454,0.9675675675675676,0.16666666666666666
MGA,105.92777777777778,False,0.25,0.9405405405405405,0.16666666666666666
MH,0.7155555555555555,False,0.5454545454545454,0.972972972972973,0.0
MHA,5003.1025,True,0.3076923076923077,0.9513513513513514,0.15384615384615385
MI,1.46,False,0.2727272727272727,0.9621621621621621,0.0
MIA,1242.418888888889,True,0.3076923076923077,0.9513513513513514,0.15384615384615385
MJ,108.5663888888889,False,0.33333333333333337,0.9459459459459459,0.3076923076923077
MJA,10.071111111111112,False,0.4545454545454546,0.9621621621621621,0.25
MK,5608.262777777778,True,0.23076923076923073,0.8756756756756756,0.5555555555555556
MKA,384.1147222222222,False,0.16666666666666663,0.7297297297297297,0.7884615384615384
ML,4759.075833333333,True,0.23076923076923073,0.8702702702702703,0.5862068965517241
MLA,0.41194444444444445,False,0.5454545454545454,0.972972972972973,0.0
MM,265.2113888888889,False,0.5,0.8972972972972972,0.65
MMA,1.1111111111111112,False,0.2727272727272727,0.9675675675675676,0.0
MN,236.14527777777778,False,0.3846153846153846,0.8486486486486486,0.696969696969697
MO,137.45583333333335,False,0.25,0.9675675675675676,0.0
MP,231.6822222222222,False,0.3076923076923077,0.8918918918918919,0.5
MQ,5306.786666666667,True,0.3846153846153846,0.9297297297297298,0.375
MR,87.91277777777778,False,0.25,0.9513513513513514,0.16666666666666666
MS,2229.9113888888887,True,0.3076923076923077,0.9351351351351351,0.26666666666666666
MT,1993.9533333333334,True,0.3076923076923077,0.9567567567567568,0.08333333333333333
MU,169.27416666666667,False,0.25,0.9297297297297298,0.2857142857142857
MV,91.5,False,0.25,0.9351351351351351,0.375
MW,383.6333333333333,False,0.25,0.854054054054054,0.6666666666666666
MX,214.24694444444444,False,0.25,0.9513513513513514,0.16666666666666666
MY,0.8019444444444445,False,0.4545454545454546,0.9675675675675676,0.0
MZ,509.5852777777778,False,0.3846153846153846,0.9405405405405405,0.2857142857142857
N,123.91722222222222,False,0.25,0.9513513513513514,0.16666666666666666
NA,300.7447222222222,False,0.09090909090909094,0.8810810810810811,0.5833333333333334
NAA,0.3136111111111111,False,0.7272727272727273,0.9837837837837837,0.0
NB,210.7236111111111,False,0.25,0.9027027027027027,0.5238095238095238
NBA,0.1463888888888889,False,0.5454545454545454,0.972972972972973,0.0
NC,5.125277777777778,False,0.36363636363636365,0.972972972972973,0.0
NCA,7603.290277777778,True,0.3076923076923077,0.9243243243243243,0.35294117647058826
ND,135.43805555555556,False,0.25,0.9243243243243243,0.375
NDA,78.89777777777778,False,0.16666666666666663,0.9297297297297298,0.26666666666666666
NE,0.25083333333333335,False,0.5454545454545454,0.972972972972973,0.0
NEA,938.3144444444445,False,0.25,0.7351351351351352,0.803921568627451
NF,444.6961111111111,False,0.33333333333333337,0.8648648648648649,0.6785714285714286
NFA,1.2319444444444445,False,0.2727272727272727,0.9621621621621621,0.0
NG,1.0477777777777777,False,0.4545454545454546,0.9675675675675676,0.0
NGA,2744.7136111111113,True,0.0,0.0,0.9405405405405406
NH,4441.796944444444,True,0.3076923076923077,0.9513513513513514,0.15384615384615385
NHA,94.29694444444445,False,0.25,0.9513513513513514,0.09090909090909091
NI,848.8013888888889,False,0.3076923076923077,0.9459459459459459,0.26666666666666666
NIA,357.0686111111111,False,0.3076923076923077,0.9513513513513514,0.15384615384615385
NJ,2324.9397222222224,True,0.3076923076923077,0.9513513513513514,0.21428571428571427
NJA,96.13666666666667,False,0.25,0.9297297297297298,0.375
NK,162.53472222222223,False,0.25,0.9189189189189189,0.4444444444444444
NKA,105.77972222222222,False,0.25,0.9567567567567568,0.0
NL,0.2225,False,0.4545454545454546,0.9675675675675676,0.0
NLA,0.7019444444444445,False,0.5454545454545454,0.972972972972973,0.0
NM,2498.355,True,0.3076923076923077,0.9405405405405405,0.26666666666666666
NMA,266.50805555555553,False,0.25,0.9027027027027027,0.5238095238095238
NN,83.44166666666666,False,0.33333333333333337,0.9405405405405405,0.3076923076923077
NO,63.513333333333335,False,0.25,0.9405405405405405,0.23076923076923078
NP,2225.303888888889,True,0.3076923076923077,0.9351351351351351,0.3125
NQ,0.5083333333333333,False,0.5454545454545454,0.972972972972973,0.0
NR,153.9036111111111,False,0.25,0.9027027027027027,0.47368421052631576
NS,0.5105555555555555,False,0.4545454545454546,0.9675675675675676,0.0
NT,174.70166666666665,False,0.25,0.9135135135135135,0.4117647058823529
NU,273.52222222222224,False,0.25,0.9027027027027027,0.5
NV,81.95527777777778,False,0.25,0.9513513513513514,0.09090909090909091
NW,184.43194444444444,False,0.25,0.9189189189189189,0.4444444444444444
NX,164.22972222222222,False,0.33333333333333337,0.9459459459459459,0.25
NY,3.257222222222222,False,0.2727272727272727,0.9675675675675676,0.0
NZ,1634.1161111111112,True,0.23076923076923073,0.7027027027027026,0.8032786885245902
O,140.19444444444446,False,0.3076923076923077,0.9513513513513514,0.0
OA,15.296111111111111,False,0.2727272727272727,0.9405405405405405,0.2727272727272727
OAA,328.26,False,0.25,0.8108108108108107,0.7297297297297297
OB,193.0861111111111,False,0.25,0.9351351351351351,0.375
OBA,114.99361111111111,False,0.41666666666666663,0.9351351351351351,0.38461538461538464
OC,6048.651944444445,True,0.23076923076923073,0.8918918918918919,0.45454545454545453
OCA,0.7647222222222222,False,0.5454545454545454,0.972972972972973,0.0
OD,857.1130555555555,False,0.25,0.4972972972972973,0.9152542372881356
ODA,240.02277777777778,False,0.25,0.8810810810810811,0.5652173913043478
OE,0.3972222222222222,False,0.7272727272727273,0.9837837837837837,0.0
OEA,4462.607222222222,True,0.3076923076923077,0.9189189189189189,0.45
OF,0.0425,False,0.7272727272727273,0.9837837837837837,0.0
OFA,5.11,False,0.36363636363636365,0.9783783783783784,0.0
OG,76.99361111111111,False,0.41666666666666663,0.9567567567567568,0.1111111111111111
OGA,140.205,False,0.25,0.9405405405405405,0.23076923076923078
OH,1301.4558333333334,True,0.3076923076923077,0.9297297297297298,0.3125
OHA,142.38861111111112,False,0.25,0.9459459459459459,0.23076923076923078
OI,0.7083333333333334,False,0.4545454545454546,0.9675675675675676,0.0
OIA,91.7225,False,0.25,0.9351351351351351,0.3333333333333333
OJ,181.23833333333334,False,0.25,0.8972972972972972,0.5652173913043478
OJA,1.2547222222222223,False,0.7272727272727273,0.9837837837837837,0.0
OK,295.2536111111111,False,0.3076923076923077,0.9189189189189189,0.42105263157894735
OKA,85.03333333333333,False,0.25,0.9513513513513514,0.16666666666666666
OL,536.3094444444445,False,0.5384615384615384,0.9459459459459459,0.3333333333333333
OLA,408.5572222222222,False,0.3076923076923077,0.9567567567567568,0.08333333333333333
OM,1720.826111111111,True,0.3076923076923077,0.9135135135135135,0.42105263157894735
OMA,2325.7369444444444,True,0.23076923076923073,0.8756756756756756,0.5384615384615384
ON,116.35722222222222,False,0.25,0.9405405405405405,0.3333333333333333
OO,111.59666666666666,False,0.33333333333333337,0.9513513513513514,0.18181818181818182
OP,1.3,False,0.2727272727272727,0.9675675675675676,0.0
OQ,49.98111111111111,False,0.33333333333333337,0.9405405405405405,0.25
OR,5137.539444444445,True,0.23076923076923073,0.8972972972972972,0.45454545454545453
OS,2473.6447222222223,True,0.3076923076923077,0.9567567567567568,0.08333333333333333
OT,265.62555555555554,False,0.3076923076923077,0.9351351351351351,0.3125
OU,305.8525,False,0.3076923076923077,0.9513513513513514,0.21428571428571427
OV,26.27638888888889,False,0.18181818181818177,0.9675675675675676,0.0
OW,163.87055555555557,False,0.25,0.9243243243243243,0.375
OX,678.2511111111111,False,0.3076923076923077,0.9459459459459459,0.21428571428571427
OY,175.87333333333333,False,0.5,0.9189189189189189,0.5625
OZ,8.617777777777778,False,0.2727272727272727,0.9567567567567568,0.2
P,1.3611111111111112,False,0.7272727272727273,0.9837837837837837,0.0
PA,0.30694444444444446,False,0.4545454545454546,0.9675675675675676,0.0
PAA,2.1755555555555555,False,0.2727272727272727,0.9675675675675676,0.0
PB,445.3905555555556,False,0.3076923076923077,0.9297297297297298,0.3125
PBA,7.886388888888889,False,0.25,0.9459459459459459,0.09090909090909091
PC,1.1111111111111112,False,0.5454545454545454,0.972972972972973,0.0
PCA,13.335555555555555,False,0.36363636363636365,0.9513513513513514,0.3
PD,2.2830555555555554,False,0.2727272727272727,0.9675675675675676,0.1111111111111111
PDA,146.1052777777778,False,0.25,0.9297297297297298,0.375
PE,1.4247222222222222,False,0.2727272727272727,0.9567567567567568,0.0
PEA,72.2238888888889,False,0.25,0.9621621621621621,0.0
PF,150.29361111111112,False,0.25,0.9351351351351351,0.3333333333333333
PFA,141.10111111111112,False,0.16666666666666663,0.8972972972972972,0.45
PG,635.5583333333333,False,0.3076923076923077,0.9513513513513514,0.15384615384615385
PGA,574.9127777777778,False,0.23076923076923073,0.9027027027027027,0.4782608695652174
PH,0.8605555555555555,False,0.2727272727272727,0.9783783783783784,0.0
PHA,3.256111111111111,False,0.2727272727272727,0.9621621621621621,0.0
PI,66.25444444444445,False,0.25,0.9567567567567568,0.09090909090909091
PIA,3471.3655555555556,True,0.23076923076923073,0.7891891891891891,0.7333333333333333
PJ,139.52694444444444,False,0.25,0.9135135135135135,0.47368421052631576
PJA,0.73,False,0.2727272727272727,0.9567567567567568,0.0
PK,2064.929166666667,True,0.3076923076923077,0.8972972972972972,0.5217391304347826
PKA,4325.426111111111,True,0.3846153846153846,0.9405405405405405,0.3333333333333333
PL,0.46055555555555555,False,0.4545454545454546,0.9783783783783784,0.0
PLA,375.74194444444447,False,0.3076923076923077,0.8864864864864865,0.56
PM,0.9427777777777778,False,0.2727272727272727,0.972972972972973,0.0
PMA,90.20722222222223,False,0.25,0.9405405405405405,0.2857142857142857
PN,6.8,False,0.5454545454545454,0.972972972972973,0.16666666666666666
PO,90.96277777777777,False,0.33333333333333337,0.9405405405405405,0.3076923076923077
PP,0.1313888888888889,False,0.5454545454545454,0.972972972972973,0.0
PQ,58.06444444444445,False,0.6666666666666667,0.9783783783783784,0.0
PR,633.4625,False,0.36363636363636365,0.9297297297297298,0.5
PS,72.22583333333333,False,0.25,0.9621621621621621,0.0
PT,103.30611111111111,False,0.25,0.9513513513513514,0.23076923076923078
PU,862.1725,False,0.25,0.8162162162162162,0.7368421052631579
PV,1112.673611111111,True,0.3076923076923077,0.9459459459459459,0.21428571428571427
PW,162.46333333333334,False,0.25,0.9459459459459459,0.16666666666666666
PX,0.8863888888888889,False,0.5454545454545454,0.972972972972973,0.0
PY,3.5191666666666666,False,0.2727272727272727,0.9675675675675676,0.0
PZ,503.3433333333333,False,0.3846153846153846,0.9351351351351351,0.3333333333333333
Q,0.03388888888888889,False,0.7272727272727273,0.9837837837837837,0.0
QA,158.27027777777778,False,0.25,0.9351351351351351,0.2857142857142857
QAA,164.47166666666666,False,0.09090909090909094,0.9351351351351351,0.2857142857142857
QB,459.9486111111111,False,0.3076923076923077,0.9297297297297298,0.3125
QBA,205.69083333333333,False,0.16666666666666663,0.8324324324324324,0.6666666666666666
QC,259.0438888888889,False,0.25,0.9351351351351351,0.3333333333333333
QCA,91.18694444444445,False,0.25,0.9297297297297298,0.3333333333333333
QD,119.00361111111111,False,0.33333333333333337,0.9459459459459459,0.25
QDA,2805.1794444444445,True,0.5384615384615384,0.9621621621621621,0.1111111111111111
QE,1876.6230555555555,True,0.23076923076923073,0.9081081081081082,0.42857142857142855
QEA,1.2802777777777778,False,0.36363636363636365,0.972972972972973,0.0
QF,3499.403333333333,True,0.3076923076923077,0.9297297297297298,0.3125
QFA,13.309166666666666,False,0.41666666666666663,0.9621621621621621,0.0
QG,322.9825,False,0.3076923076923077,0.9513513513513514,0.15384615384615385
QGA,5.901666666666666,False,0.36363636363636365,0.9675675675675676,0.0
QH,38.440555555555555,False,0.41666666666666663,0.8810810810810811,0.6521739130434783
QHA,98.04638888888888,False,0.25,0.9351351351351351,0.2857142857142857
QI,82.12777777777778,False,0.41666666666666663,0.9567567567567568,0.1111111111111111
QIA,408.4188888888889,False,0.3076923076923077,0.9297297297297298,0.3125
QJ,141.7811111111111,False,0.25,0.9405405405405405,0.2857142857142857
QJA,9.401111111111112,False,0.2727272727272727,0.9675675675675676,0.1111111111111111
QK,218.0,False,0.41666666666666663,0.9297297297297298,0.5
QKA,1768.398888888889,True,0.3076923076923077,0.9459459459459459,0.21428571428571427
QL,0.13944444444444445,False,0.4545454545454546,0.9675675675675676,0.0
QLA,1.5327777777777778,False,0.36363636363636365,0.9783783783783784,0.0
QM,91.63472222222222,False,0.25,0.9513513513513514,0.16666666666666666
QMA,230.64888888888888,False,0.25,0.9243243243243243,0.4444444444444444
QN,207.63944444444445,False,0.25,0.9189189189189189,0.375
QO,2858.0369444444445,True,0.3076923076923077,0.9459459459459459,0.15384615384615385
QP,373.4897222222222,False,0.25,0.9243243243243243,0.4117647058823529
QQ,88.85805555555555,False,0.33333333333333337,0.9567567567567568,0.1
QR,0.21416666666666667,False,0.5454545454545454,0.972972972972973,0.0
QS,25.288611111111113,False,0.25,0.9513513513513514,0.16666666666666666
QT,12.0425,False,0.18181818181818177,0.9513513513513514,0.18181818181818182
QU,1499.473611111111,True,0.3076923076923077,0.9189189189189189,0.42105263157894735
QV,4.730277777777777,False,0.18181818181818177,0.9567567567567568,0.0
QW,6477.060555555556,True,0.3076923076923077,0.9459459459459459,0.21428571428571427
QX,285.34722222222223,False,0.25,0.8594594594594595,0.6551724137931034
QY,187.06444444444443,False,0.41666666666666663,0.9513513513513514,0.3333333333333333
QZ,139.5075,False,0.33333333333333337,0.9567567567567568,0.1
R,0.11222222222222222,False,0.5454545454545454,0.972972972972973,0.0
RA,0.7686111111111111,False,0.7272727272727273,0.9837837837837837,0.0
RAA,238.31472222222223,False,0.16666666666666663,0.9189189189189189,0.35294117647058826
RB,76.13583333333334,False,0.5,0.9675675675675676,0.0
RBA,75.92722222222223,False,0.33333333333333337,0.9351351351351351,0.3076923076923077
RC,214.99583333333334,False,0.3846153846153846,0.9459459459459459,0.23076923076923078
RCA,6134.350833333333,True,0.3076923076923077,0.9351351351351351,0.26666666666666666
RD,4.216111111111111,False,0.36363636363636365,0.972972972972973,0.0
RDA,1.625,False,0.2727272727272727,0.9567567567567568,0.0
RE,0.4558333333333333,False,0.2727272727272727,0.9567567567567568,0.0
REA,0.4313888888888889,False,0.4545454545454546,0.9675675675675676,0.0
RF,3.905,False,0.18181818181818177,0.9621621621621621,0.0
RFA,27.41111111111111,False,0.25,0.9567567567567568,0.0
RG,2165.1052777777777,True,0.46153846153846156,0.8378378378378378,0.7272727272727273
RGA,110.40638888888888,False,0.25,0.9297297297297298,0.2857142857142857
RH,11.204444444444444,False,0.6363636363636364,0.972972972972973,0.2
RHA,42.75527777777778,False,0.5,0.9567567567567568,0.2222222222222222
RI,249.1461111111111,False,0.3076923076923077,0.9297297297297298,0.3125
RIA,43.05888888888889,False,0.25,0.9459459459459459,0.23076923076923078
RJ,4.789444444444444,False,0.36363636363636365,0.9675675675675676,0.0
RJA,3.631388888888889,False,0.2727272727272727,0.9675675675675676,0.0
RK,163.86111111111111,False,0.25,0.9243243243243243,0.3333333333333333
RKA,22.54083333333333,False,0.41666666666666663,0.9513513513513514,0.2
RL,95.72611111111111,False,0.5,0.9675675675675676,0.0
RLA,673.9638888888888,False,0.25,0.8864864864864865,0.5454545454545454
RM,27.41777777777778,False,0.5,0.972972972972973,0.0
RN,375.0022222222222,False,0.25,0.9135135135135135,0.5
RO,20.88888888888889,False,0.18181818181818177,0.9189189189189189,0.47058823529411764
RP,87.79722222222222,False,0.5,0.9351351351351351,0.5
RQ,0.37972222222222224,False,0.2727272727272727,0.9567567567567568,0.0
RR,294.4013888888889,False,0.3076923076923077,0.9621621621621621,0.0
RS,16.004166666666666,False,0.25,0.9621621621621621,0.0
RT,2375.119722222222,True,0.3076923076923077,0.9567567567567568,0.0
RU,307.46666666666664,False,0.25,0.8432432432432433,0.7058823529411765
RV,0.3622222222222222,False,0.7272727272727273,0.9837837837837837,0.0
RW,211.18583333333333,False,0.25,0.9351351351351351,0.3333333333333333
RX,0.31972222222222224,False,0.5454545454545454,0.972972972972973,0.0
RY,124.43333333333334,False,0.16666666666666663,0.8972972972972972,0.5217391304347826
RZ,145.59305555555557,False,0.33333333333333337,0.9405405405405405,0.35714285714285715
S,5305.634444444445,True,0.23076923076923073,0.9189189189189189,0.3684210526315789
SA,2018.2780555555555,True,0.3076923076923077,0.9405405405405405,0.21428571428571427
SAA,529.2694444444444,False,0.5,0.9459459459459459,0.36363636363636365
SB,2563.780277777778,True,0.3076923076923077,0.9351351351351351,0.21428571428571427
SBA,131.2711111111111,False,0.25,0.9405405405405405,0.2857142857142857
SC,7.9688888888888885,False,0.2727272727272727,0.9621621621621621,0.1111111111111111
SCA,637.8386111111112,False,0.23076923076923073,0.9297297297297298,0.29411764705882354
SD,123.83722222222222,False,0.25,0.9459459459459459,0.2857142857142857
SDA,192.24083333333334,False,0.25,0.9351351351351351,0.2857142857142857
SE,111.56944444444444,False,0.25,0.9567567567567568,0.0
SEA,1182.1330555555555,True,0.3846153846153846,0.9567567567567568,0.0
SF,1196.1666666666667,True,0.3076923076923077,0.9621621621621621,0.08333333333333333
SFA,1623.7875,True,0.3076923076923077,0.9351351351351351,0.3125
SG,1.6530555555555555,False,0.5454545454545454,0.9783783783783784,0.0
SGA,21.86861111111111,False,0.25,0.9351351351351351,0.375
SH,885.6663888888888,False,0.3846153846153846,0.9513513513513514,0.16666666666666666
SHA,113.47944444444444,False,0.16666666666666663,0.9135135135135135,0.35294117647058826
SI,188.31555555555556,False,0.25,0.9189189189189189,0.4444444444444444
SIA,0.6413888888888889,False,0.2727272727272727,0.9783783783783784,0.0
SJ,1226.418888888889,True,0.3076923076923077,0.9405405405405405,0.3125
SJA,256.1097222222222,False,0.3846153846153846,0.9459459459459459,0.16666666666666666
SK,750.4783333333334,False,0.16666666666666663,0.8486486486486486,0.65625
SKA,0.2897222222222222,False,0.7272727272727273,0.9837837837837837,0.0
SL,2228.4347222222223,True,0.3076923076923077,0.9405405405405405,0.3125
SLA,330.3280555555556,False,0.25,0.8810810810810811,0.5833333333333334
SM,897.42,False,0.23076923076923073,0.8054054054054054,0.7
SMA,148.48638888888888,False,0.25,0.9243243243243243,0.375
SN,4.8630555555555555,False,0.2727272727272727,0.9675675675675676,0.0
SO,395.9891666666667,False,0.3076923076923077,0.9405405405405405,0.3125
SP,0.30416666666666664,False,0.7272727272727273,0.9837837837837837,0.0
SQ,36.99722222222222,False,0.5,0.9405405405405405,0.4166666666666667
SR,130.49916666666667,False,0.25,0.9405405405405405,0.23076923076923078
SS,1101.4563888888888,True,0.3076923076923077,0.9459459459459459,0.15384615384615385
ST,2766.383333333333,True,0.3076923076923077,0.9243243243243243,0.35294117647058826
SU,4.310833333333333,False,0.18181818181818177,0.9567567567567568,0.0
SV,25.079722222222223,False,0.25,0.9621621621621621,0.0
SW,148.1786111111111,False,0.25,0.9081081081081082,0.47368421052631576
SX,161.7575,False,0.25,0.9081081081081082,0.5
SY,943.1833333333333,False,0.3076923076923077,0.9351351351351351,0.21428571428571427
SZ,24.700277777777778,False,0.2727272727272727,0.9783783783783784,0.0
T,53.595555555555556,False,0.25,0.9513513513513514,0.0
TA,69.61555555555556,False,0.5,0.9513513513513514,0.3
TAA,279.2652777777778,False,0.25,0.9189189189189189,0.4444444444444444
TB,3988.347222222222,True,0.46153846153846156,0.9621621621621621,0.0
TBA,77.48027777777777,False,0.25,0.9513513513513514,0.16666666666666666
TC,3876.1858333333334,True,0.23076923076923073,0.8864864864864865,0.5
TCA,791.56,False,0.3076923076923077,0.9081081081081082,0.47619047619047616
TD,238.4586111111111,False,0.25,0.9297297297297298,0.375
TDA,66.23722222222223,False,0.25,0.9513513513513514,0.0
TE,0.27305555555555555,False,0.5454545454545454,0.9783783783783784,0.0
TEA,97.00805555555556,False,0.25,0.9513513513513514,0.23076923076923078
TF,230.01361111111112,False,0.5,0.9189189189189189,0.5625
TFA,0.09833333333333333,False,0.4545454545454546,0.972972972972973,0.0
TG,63.26083333333333,False,0.33333333333333337,0.9513513513513514,0.18181818181818182
TGA,272.67805555555555,False,0.25,0.9243243243243243,0.3333333333333333
TH,58.602777777777774,False,0.25,0.9513513513513514,0.23076923076923078
THA,115.08944444444444,False,0.25,0.9567567567567568,0.16666666666666666
TI,691.9172222222222,False,0.2727272727272727,0.8864864864864865,0.6190476190476191
TIA,213.7175,False,0.5,0.9243243243243243,0.5333333333333333
TJ,420.8088888888889,False,0.3076923076923077,0.9351351351351351,0.26666666666666666
TJA,408.4219444444444,False,0.25,0.8648648648648649,0.6296296296296297
TK,1.2672222222222222,False,0.5454545454545454,0.972972972972973,0.0
TKA,94.995,False,0.25,0.9459459459459459,0.23076923076923078
TL,124.10777777777778,False,0.25,0.9135135135135135,0.4117647058823529
TLA,3.9258333333333333,False,0.2727272727272727,0.9675675675675676,0.0
TM,24.261944444444445,False,0.36363636363636365,0.972972972972973,0.0
TMA,55.628055555555555,False,0.25,0.9513513513513514,0.0
TN,419.5863888888889,False,0.16666666666666663,0.8918918918918919,0.5925925925925926
TO,1158.7225,True,0.23076923076923073,0.8378378378378378,0.6470588235294118
TP,116.37444444444445,False,0.25,0.9351351351351351,0.3333333333333333
TQ,619.0058333333334,False,0.3076923076923077,0.9351351351351351,0.26666666666666666
TR,8.191666666666666,False,0.41666666666666663,0.9621621621621621,0.0
TS,202.50694444444446,False,0.09090909090909094,0.9027027027027027,0.5
TT,0.5158333333333334,False,0.5454545454545454,0.972972972972973,0.0
TU,430.7363888888889,False,0.41666666666666663,0.9027027027027027,0.6
TV,625.6197222222222,False,0.3076923076923077,0.9297297297297298,0.35294117647058826
TW,1960.3986111111112,True,0.3076923076923077,0.8972972972972972,0.5
TX,3015.157222222222,True,0.3076923076923077,0.9297297297297298,0.26666666666666666
TY,0.7463888888888889,False,0.7272727272727273,0.9837837837837837,0.0
TZ,2.236111111111111,False,0.2727272727272727,0.9621621621621621,0.0
U,46.526944444444446,False,0.5,0.9459459459459459,0.36363636363636365
UA,120.67944444444444,False,0.25,0.9621621621621621,0.09090909090909091
UAA,0.5330555555555555,False,0.5454545454545454,0.972972972972973,0.0
UB,3.2683333333333335,False,0.18181818181818177,0.9567567567567568,0.0
UBA,9287.277777777777,True,0.3076923076923077,0.9351351351351351,0.26666666666666666
UC,1411.773888888889,True,0.23076923076923073,0.8432432432432433,0.625
UCA,0.7375,False,0.5454545454545454,0.972972972972973,0.0
UD,1295.2475,True,0.3076923076923077,0.854054054054054,0.6451612903225806
UDA,291.6166666666667,False,0.25,0.8648648648648649,0.6666666666666666
UE,157.96138888888888,False,0.25,0.9027027027027027,0.47368421052631576
UEA,0.32166666666666666,False,0.7272727272727273,0.9837837837837837,0.0
UF,233.73722222222221,False,0.16666666666666663,0.854054054054054,0.6206896551724138
UFA,3.5319444444444446,False,0.2727272727272727,0.972972972972973,0.0
UG,2.656111111111111,False,0.2727272727272727,0.9675675675675676,0.0
UGA,150.69555555555556,False,0.33333333333333337,0.9297297297297298,0.4
UH,0.15194444444444444,False,0.7272727272727273,0.9837837837837837,0.0
UHA,0.2997222222222222,False,0.5454545454545454,0.972972972972973,0.0
UI,86.22361111111111,False,0.25,0.9405405405405405,0.2857142857142857
UIA,87.04722222222222,False,0.25,0.9513513513513514,0.23076923076923078
UJ,1516.9025,True,0.3076923076923077,0.9351351351351351,0.3125
UJA,0.4127777777777778,False,0.2727272727272727,0.9567567567567568,0.0
UK,2947.891111111111,True,0.46153846153846156,0.9135135135135135,0.5
UKA,212.93083333333334,False,0.25,0.9243243243243243,0.4117647058823529
UL,0.4116666666666667,False,0.36363636363636365,0.9783783783783784,0.0
ULA,184.13222222222223,False,0.25,0.9405405405405405,0.3333333333333333
UM,1.1736111111111112,False,0.2727272727272727,0.9621621621621621,0.1111111111111111
UMA,97.9,False,0.25,0.9513513513513514,0.2857142857142857
UN,0.4041666666666667,False,0.5454545454545454,0.972972972972973,0.0
UO,1.9994444444444444,False,0.36363636363636365,0.9621621621621621,0.0
UP,56.97611111111111,False,0.25,0.9567567567567568,0.09090909090909091
UQ,2825.943333333333,True,0.46153846153846156,0.9459459459459459,0.25
UR,185.07722222222222,False,0.09090909090909094,0.9297297297297298,0.3333333333333333
US,115.33083333333333,False,0.25,0.9351351351351351,0.3333333333333333
UT,79.42416666666666,False,0.25,0.9621621621621621,0.16666666666666666
UU,77.15,False,0.5833333333333333,0.972972972972973,0.0
UV,1877.05,True,0.3076923076923077,0.9405405405405405,0.26666666666666666
UW,4776.21,True,0.3076923076923077,0.9459459459459459,0.21428571428571427
UX,0.37833333333333335,False,0.2727272727272727,0.9675675675675676,0.0
UY,5.226666666666667,False,0.18181818181818177,0.9675675675675676,0.0
UZ,147.71916666666667,False,0.25,0.9513513513513514,0.16666666666666666
V,1980.1777777777777,True,0.23076923076923073,0.9027027027027027,0.42857142857142855
VA,135.49194444444444,False,0.25,0.9459459459459459,0.23076923076923078
VAA,10123.779722222222,True,0.23076923076923073,0.9027027027027027,0.4
VB,1894.08,True,0.3846153846153846,0.9459459459459459,0.23076923076923078
VBA,0.5836111111111111,False,0.5454545454545454,0.9783783783783784,0.0
VC,99.46888888888888,False,0.25,0.9459459459459459,0.23076923076923078
VCA,4504.446388888889,True,0.3076923076923077,0.9405405405405405,0.26666666666666666
VD,59.83416666666667,False,0.25,0.9675675675675676,0.09090909090909091
VDA,808.9883333333333,False,0.3076923076923077,0.9459459459459459,0.15384615384615385
VE,89.18833333333333,False,0.25,0.9135135135135135,0.47368421052631576
VEA,2.914722222222222,False,0.2727272727272727,0.9675675675675676,0.0
VF,84.79138888888889,False,0.25,0.9459459459459459,0.23076923076923078
VFA,262.8375,False,0.25,0.9297297297297298,0.375
VG,408.6511111111111,False,0.46153846153846156,0.9243243243243243,0.4375
VGA,1.9805555555555556,False,0.2727272727272727,0.972972972972973,0.0
VH,0.5,False,0.5454545454545454,0.972972972972973,0.0
VHA,0.35,False,0.5454545454545454,0.972972972972973,0.0
VI,1072.5902777777778,True,0.3076923076923077,0.9135135135135135,0.3888888888888889
VIA,636.3966666666666,False,0.16666666666666663,0.8216216216216217,0.6944444444444444
VJ,132.30638888888888,False,0.25,0.9459459459459459,0.23076923076923078
VJA,0.2991666666666667,False,0.7272727272727273,0.9837837837837837,0.0
VK,357.43,False,0.25,0.9135135135135135,0.5
VKA,185.09777777777776,False,0.25,0.9405405405405405,0.2857142857142857
VL,85.835,False,0.25,0.9405405405405405,0.2857142857142857
VLA,0.935,False,0.2727272727272727,0.9567567567567568,0.0
VM,93.11472222222223,False,0.33333333333333337,0.9351351351351351,0.4
VMA,0.13916666666666666,False,0.7272727272727273,0.9837837837837837,0.0
VN,6703.582777777778,True,0.23076923076923073,0.8756756756756756,0.5714285714285714
VO,382.14694444444444,False,0.3076923076923077,0.8918918918918919,0.5
VP,71.36861111111111,False,0.25,0.9405405405405405,0.3333333333333333
VQ,141.15166666666667,False,0.25,0.9459459459459459,0.16666666666666666
VR,2641.2297222222223,True,0.16666666666666663,0.9243243243243243,0.3125
VS,124.74472222222222,False,0.25,0.9189189189189189,0.375
VT,375.75194444444446,False,0.25,0.9297297297297298,0.375
VU,102.16333333333333,False,0.25,0.9405405405405405,0.2857142857142857
VV,1.128611111111111,False,0.5454545454545454,0.972972972972973,0.0
VW,1406.2280555555556,True,0.3076923076923077,0.9459459459459459,0.21428571428571427
VX,0.2575,False,0.5454545454545454,0.972972972972973,0.0
VY,206.3225,False,0.25,0.9297297297297298,0.4117647058823529
VZ,4.275,False,0.5454545454545454,0.9675675675675676,0.16666666666666666
W,90.12333333333333,False,0.25,0.9513513513513514,0.09090909090909091
WA,311.62555555555554,False,0.6153846153846154,0.9675675675675676,0.125
WAA,98.88694444444444,False,0.25,0.9513513513513514,0.16666666666666666
WB,0.8197222222222222,False,0.5454545454545454,0.972972972972973,0.0
WBA,113.60083333333333,False,0.41666666666666663,0.9405405405405405,0.3333333333333333
WC,247.9988888888889,False,0.3076923076923077,0.9567567567567568,0.08333333333333333
WCA,100.96277777777777,False,0.16666666666666663,0.8972972972972972,0.45
WD,1.7625,False,0.7272727272727273,0.9837837837837837,0.0
WDA,293.5541666666667,False,0.16666666666666663,0.8486486486486486,0.6451612903225806
WE,3897.4016666666666,True,0.3846153846153846,0.9243243243243243,0.4117647058823529
WEA,2.9963888888888888,False,0.36363636363636365,0.9675675675675676,0.0
WF,1177.8752777777777,True,0.3076923076923077,0.9081081081081082,0.47619047619047616
WFA,949.08,False,0.3076923076923077,0.9405405405405405,0.15384615384615385
WG,131.795,False,0.25,0.9351351351351351,0.2857142857142857
WGA,2599.021111111111,True,0.23076923076923073,0.827027027027027,0.6666666666666666
WH,0.1786111111111111,False,0.5454545454545454,0.972972972972973,0.0
WHA,90.46527777777777,False,0.25,0.9459459459459459,0.16666666666666666
WI,2858.4241666666667,True,0.5384615384615384,0.9621621621621621,0.1111111111111111
WIA,0.4097222222222222,False,0.5454545454545454,0.9783783783783784,0.0
WJA,330.1136111111111,False,0.09090909090909094,0.9135135135135135,0.4444444444444444
WK,123.66666666666667,False,0.41666666666666663,0.972972972972973,0.0
WKA,56.26555555555556,False,0.16666666666666663,0.9135135135135135,0.3888888888888889
WL,170.23333333333332,False,0.5,0.9675675675675676,0.2222222222222222
WLA,1199.7627777777777,True,0.5384615384615384,0.9351351351351351,0.42857142857142855
WM,373.92305555555555,False,0.3076923076923077,0.9297297297297298,0.3125
WMA,1.2761111111111112,False,0.5454545454545454,0.972972972972973,0.0
WN,4372.765277777778,True,0.3076923076923077,0.8972972972972972,0.5217391304347826
WO,2331.299722222222,True,0.3076923076923077,0.9243243243243243,0.3888888888888889
WP,96.5436111111111,False,0.16666666666666663,0.9297297297297298,0.3125
WQ,948.9083333333333,False,0.3076923076923077,0.9513513513513514,0.15384615384615385
WR,185.56666666666666,False,0.09090909090909094,0.9189189189189189,0.4444444444444444
WS,0.49916666666666665,False,0.4545454545454546,0.9675675675675676,0.0
WT,372.1922222222222,False,0.3076923076923077,0.9297297297297298,0.3888888888888889
WU,257.6427777777778,False,0.25,0.9351351351351351,0.4117647058823529
WV,91.35722222222222,False,0.25,0.9405405405405405,0.2857142857142857
WW,235.1172222222222,False,0.23076923076923073,0.9243243243243243,0.3333333333333333
WX,24.7275,False,0.2727272727272727,0.9675675675675676,0.0
WY,0.5647222222222222,False,0.7272727272727273,0.9837837837837837,0.0
WZ,1510.7880555555555,True,0.16666666666666663,0.8810810810810811,0.5416666666666666
X,5215.177777777778,True,0.46153846153846156,0.9459459459459459,0.3076923076923077
XA,0.15666666666666668,False,0.7272727272727273,0.9837837837837837,0.0
XAA,100.36611111111111,False,0.25,0.9405405405405405,0.23076923076923078
XB,36.922777777777775,False,0.25,0.9567567567567568,0.09090909090909091
XBA,1412.7125,True,0.23076923076923073,0.8810810810810811,0.5555555555555556
XC,0.3422222222222222,False,0.2727272727272727,0.9567567567567568,0.0
XCA,513.5544444444445,False,0.23076923076923073,0.8432432432432433,0.6571428571428571
XD,121.03083333333333,False,0.25,0.9567567567567568,0.0
XDA,0.7083333333333334,False,0.4545454545454546,0.9675675675675676,0.0
XE,0.34305555555555556,False,0.2727272727272727,0.9567567567567568,0.0
XEA,65.25222222222222,False,0.25,0.9513513513513514,0.16666666666666666
XF,87.045,False,0.25,0.9459459459459459,0.16666666666666666
XFA,5005.1775,True,0.3846153846153846,0.9135135135135135,0.47368421052631576
XG,2.4883333333333333,False,0.2727272727272727,0.9675675675675676,0.0
XGA,1088.713888888889,True,0.3076923076923077,0.9459459459459459,0.26666666666666666
XH,260.6380555555556,False,0.25,0.8918918918918919,0.5454545454545454
XHA,8.583055555555555,False,0.18181818181818177,0.9513513513513514,0.25
XI,560.5761111111111,False,0.23076923076923073,0.8162162162162162,0.6923076923076923
XIA,0.4627777777777778,False,0.5454545454545454,0.972972972972973,0.0
XJ,818.7308333333333,False,0.3076923076923077,0.9513513513513514,0.15384615384615385
XJA,303.2472222222222,False,0.25,0.9081081081081082,0.5
XK,0.5680555555555555,False,0.4545454545454546,0.9675675675675676,0.0
XKA,4064.8786111111112,True,0.3076923076923077,0.9405405405405405,0.15384615384615385
XL,1678.7533333333333,True,0.3076923076923077,0.9459459459459459,0.21428571428571427
XLA,2.897777777777778,False,0.2727272727272727,0.9675675675675676,0.0
XM,555.8380555555556,False,0.3076923076923077,0.9243243243243243,0.3888888888888889
XMA,0.22305555555555556,False,0.7272727272727273,0.9837837837837837,0.0
XN,106.66388888888889,False,0.3076923076923077,0.9405405405405405,0.3125
XO,37.45638888888889,False,0.33333333333333337,0.9567567567567568,0.0
XP,65.43111111111111,False,0.25,0.9459459459459459,0.23076923076923078
XQ,1824.3808333333334,True,0.3076923076923077,0.9459459459459459,0.21428571428571427
XR,2.258611111111111,False,0.4545454545454546,0.9783783783783784,0.0
XS,3313.961111111111,True,0.16666666666666663,0.8972972972972972,0.47619047619047616
XT,239.3875,False,0.3076923076923077,0.9243243243243243,0.3888888888888889
XU,1.945,False,0.2727272727272727,0.9675675675675676,0.0
XV,3.3575,False,0.2727272727272727,0.972972972972973,0.0
XW,161.2825,False,0.25,0.9297297297297298,0.375
XX,5.0,False,0.25,0.9621621621621621,0.16666666666666666
XY,4175.970555555556,True,0.3076923076923077,0.9513513513513514,0.15384615384615385
XZ,187.5,False,0.25,0.9351351351351351,0.375
Y,0.8997222222222222,False,0.2727272727272727,0.9621621621621621,0.0
YA,0.3377777777777778,False,0.4545454545454546,0.9675675675675676,0.0
YAA,49.03805555555556,False,0.25,0.9513513513513514,0.16666666666666666
YB,95.63944444444445,False,0.25,0.9351351351351351,0.3333333333333333
YBA,160.16694444444445,False,0.25,0.9351351351351351,0.2857142857142857
YC,10.980833333333333,False,0.36363636363636365,0.972972972972973,0.2222222222222222
YCA,12.407222222222222,False,0.18181818181818177,0.9459459459459459,0.18181818181818182
YD,1.5855555555555556,False,0.2727272727272727,0.9675675675675676,0.0
YDA,1842.3494444444445,True,0.3076923076923077,0.9405405405405405,0.15384615384615385
YE,95.88722222222222,False,0.25,0.9459459459459459,0.23076923076923078
YEA,119.26944444444445,False,0.25,0.9621621621621621,0.0
YF,303.5813888888889,False,0.16666666666666663,0.8594594594594595,0.6206896551724138
YFA,66.72027777777778,False,0.25,0.9405405405405405,0.16666666666666666
YG,659.0480555555556,False,0.25,0.8486486486486486,0.6551724137931034
YGA,515.095,False,0.3076923076923077,0.9459459459459459,0.21428571428571427
YH,106.57277777777777,False,0.5,0.9675675675675676,0.0
YHA,144.65805555555556,False,0.25,0.9351351351351351,0.375
YI,165.15333333333334,False,0.25,0.9405405405405405,0.2857142857142857
YIA,746.6277777777777,False,0.23076923076923073,0.7405405405405405,0.7692307692307693
YJ,201.9286111111111,False,0.5,0.9405405405405405,0.4166666666666667
YJA,253.8838888888889,False,0.25,0.9621621621621621,0.16666666666666666
YK,272.85055555555556,False,0.3076923076923077,0.9297297297297298,0.35294117647058826
YKA,455.8491666666667,False,0.16666666666666663,0.7837837837837838,0.7441860465116279
YL,309.33694444444444,False,0.3076923076923077,0.9297297297297298,0.3888888888888889
YLA,3338.3322222222223,True,0.3846153846153846,0.6918918918918919,0.8360655737704918
YM,6101.895277777778,True,0.3076923076923077,0.9513513513513514,0.15384615384615385
YMA,599.7294444444444,False,0.5384615384615384,0.9567567567567568,0.2
YN,12.875833333333333,False,0.5454545454545454,0.9783783783783784,0.2857142857142857
YO,341.08472222222224,False,0.25,0.8702702702702703,0.6296296296296297
YP,351.1958333333333,False,0.25,0.8486486486486486,0.6666666666666666
YQ,41.59222222222222,False,0.25,0.9513513513513514,0.16666666666666666
YR,169.65277777777777,False,0.25,0.9189189189189189,0.4117647058823529
YS,2773.699722222222,True,0.23076923076923073,0.8918918918918919,0.4782608695652174
YT,480.8825,False,0.3076923076923077,0.9351351351351351,0.35294117647058826
YU,0.15138888888888888,False,0.7272727272727273,0.9837837837837837,0.0
YV,2065.7638888888887,True,0.3076923076923077,0.8972972972972972,0.47619047619047616
YW,239.8325,False,0.5,0.9513513513513514,0.3
YX,713.8438888888888,False,0.16666666666666663,0.6108108108108108,0.8690476190476191
YY,238.01555555555555,False,0.25,0.9135135135135135,0.5238095238095238
YZ,3264.7438888888887,True,0.3076923076923077,0.9459459459459459,0.26666666666666666
Z,97.1686111111111,False,0.33333333333333337,0.9513513513513514,0.1
ZA,1.1416666666666666,False,0.2727272727272727,0.9675675675675676,0.0
ZAA,150.95388888888888,False,0.25,0.9351351351351351,0.3333333333333333
ZB,6040.988611111111,True,0.3076923076923077,0.9351351351351351,0.3125
ZBA,66.01388888888889,False,0.25,0.9621621621621621,0.09090909090909091
ZC,6.373333333333333,False,0.2727272727272727,0.9675675675675676,0.2
ZCA,6.016111111111111,False,0.2727272727272727,0.9513513513513514,0.1111111111111111
ZD,120.74083333333333,False,0.5,0.9675675675675676,0.0
ZDA,1792.1519444444446,True,0.23076923076923073,0.9189189189189189,0.3333333333333333
ZE,243.65277777777777,False,0.25,0.9297297297297298,0.375
ZEA,663.5166666666667,False,0.23076923076923073,0.9135135135135135,0.3333333333333333
ZF,84.75666666666666,False,0.25,0.9297297297297298,0.2857142857142857
ZFA,4961.491666666667,True,0.3076923076923077,0.9513513513513514,0.15384615384615385
ZG,41.69583333333333,False,0.25,0.9621621621621621,0.0
ZGA,1263.516111111111,True,0.3076923076923077,0.8648648648648649,0.6206896551724138
ZH,212.55166666666668,False,0.25,0.9459459459459459,0.23076923076923078
ZHA,1221.7416666666666,True,0.23076923076923073,0.8702702702702703,0.5384615384615384
ZI,156.835,False,0.25,0.9081081081081082,0.4444444444444444
ZIA,2.8855555555555554,False,0.2727272727272727,0.9621621621621621,0.0
ZJ,205.5872222222222,False,0.25,0.9189189189189189,0.375
ZJA,427.6088888888889,False,0.25,0.8918918918918919,0.5652173913043478
ZK,49.535,False,0.33333333333333337,0.9513513513513514,0.18181818181818182
ZKA,2158.595,True,0.3076923076923077,0.9351351351351351,0.3125
ZL,869.7091666666666,False,0.3076923076923077,0.9405405405405405,0.15384615384615385
ZLA,6186.566666666667,True,0.3076923076923077,0.9621621621621621,0.0
ZM,354.1616666666667,False,0.25,0.8648648648648649,0.6428571428571429
ZMA,1085.233888888889,True,0.16666666666666663,0.6702702702702703,0.8333333333333334
ZN,0.42916666666666664,False,0.5454545454545454,0.972972972972973,0.0
ZO,180.98111111111112,False,0.25,0.9405405405405405,0.16666666666666666
ZP,70.71861111111112,False,0.25,0.9513513513513514,0.16666666666666666
ZQ,227.41861111111112,False,0.3076923076923077,0.9081081081081082,0.47619047619047616
ZR,99.80722222222222,False,0.25,0.9459459459459459,0.23076923076923078
ZS,9574.1675,True,0.3076923076923077,0.9459459459459459,0.21428571428571427
ZT,118.20555555555555,False,0.25,0.9405405405405405,0.23076923076923078
ZU,71.05527777777777,False,0.25,0.9621621621621621,0.0
ZV,119.21166666666667,False,0.25,0.9513513513513514,0.16666666666666666
ZW,104.86694444444444,False,0.25,0.9405405405405405,0.23076923076923078
ZX,109.07305555555556,False,0.25,0.9621621621621621,0.0
ZY,6.222222222222222,False,0.2727272727272727,0.9675675675675676,0.0
ZZ,121.425,False,0.25,0.9405405405405405,0.2857142857142857
