case_id,start_time,end_time,duration_hours
A,2014-10-22 09:15:41+00:00,2014-11-02 14:15:00+00:00,268.9886111111111
AA,2014-12-03 08:06:44+00:00,2014-12-03 13:28:01+00:00,5.354722222222223
AAA,2014-11-19 02:16:21+00:00,2014-11-28 15:15:17+00:00,228.98222222222222
AB,2014-02-16 08:55:43+00:00,2014-02-16 12:52:06+00:00,3.939722222222222
ABA,2014-10-12 09:22:24+00:00,2014-10-18 14:15:00+00:00,148.87666666666667
AC,2014-09-24 13:39:13+00:00,2014-12-02 17:47:17+00:00,1660.1344444444444
ACA,2014-09-22 08:00:00+00:00,2014-09-22 08:45:56+00:00,0.7655555555555555
AD,2013-12-19 08:04:38+00:00,2014-05-04 16:34:00+00:00,3272.4894444444444
ADA,2014-06-21 05:14:16+00:00,2014-07-06 18:58:00+00:00,373.7288888888889
AE,2014-03-11 07:41:47+00:00,2014-07-23 15:38:24+00:00,3223.9436111111113
AEA,2014-02-26 09:15:03+00:00,2014-02-26 13:28:44+00:00,4.228055555555556
AF,2014-04-06 14:03:24+00:00,2014-04-20 00:58:15+00:00,322.9141666666667
AFA,2014-04-16 10:21:27+00:00,2014-07-13 11:18:24+00:00,2112.9491666666668
AG,2014-05-09 23:00:00+00:00,2014-05-10 09:24:00+00:00,10.4
AGA,2014-08-06 15:06:19+00:00,2014-08-09 11:30:00+00:00,68.39472222222223
AH,2013-11-20 07:34:52+00:00,2013-11-24 09:00:00+00:00,97.41888888888889
AHA,2014-05-20 19:53:19+00:00,2014-05-23 10:41:00+00:00,62.79472222222222
AI,2013-12-19 18:47:57+00:00,2014-12-19 01:38:36+00:00,8742.844166666666
AIA,2014-05-25 16:20:51+00:00,2014-06-09 14:49:06+00:00,358.47083333333336
AJ,2014-07-24 07:37:32+00:00,2014-08-09 09:00:00+00:00,385.37444444444446
AJA,2014-05-17 22:07:04+00:00,2014-05-18 09:46:11+00:00,11.651944444444444
AK,2014-10-08 19:41:35+00:00,2014-10-09 06:00:00+00:00,10.306944444444444
AKA,2014-08-02 13:20:57+00:00,2014-08-02 13:48:09+00:00,0.4533333333333333
AL,2014-04-07 16:13:06+00:00,2015-02-22 05:16:14+00:00,7693.052222222223
ALA,2014-10-02 15:31:45+00:00,2014-10-05 15:00:00+00:00,71.47083333333333
AM,2014-02-17 13:29:57+00:00,2014-02-17 13:50:00+00:00,0.33416666666666667
AMA,2014-07-23 09:18:49+00:00,2014-08-01 16:00:00+00:00,222.6863888888889
AN,2014-05-20 17:22:09+00:00,2014-05-21 20:32:29+00:00,27.17222222222222
ANA,2014-05-16 15:11:45+00:00,2014-05-17 14:00:00+00:00,22.804166666666667
AO,2014-08-27 07:18:56+00:00,2015-01-04 20:06:48+00:00,3132.797777777778
AP,2014-10-29 17:36:01+00:00,2014-10-30 06:00:00+00:00,12.399722222222222
AQ,2014-06-05 17:43:42+00:00,2014-06-12 12:20:00+00:00,162.605
AR,2014-04-04 10:36:40+00:00,2014-05-16 13:37:49+00:00,1011.0191666666667
AS,2013-11-23 16:32:23+00:00,2013-11-24 17:16:00+00:00,24.726944444444445
AT,2014-06-10 14:00:33+00:00,2014-06-10 14:45:01+00:00,0.7411111111111112
AU,2013-12-05 21:13:04+00:00,2013-12-09 09:15:00+00:00,84.03222222222222
AV,2014-11-10 02:21:46+00:00,2014-11-15 12:00:00+00:00,129.63722222222222
AW,2013-12-22 21:16:04+00:00,2013-12-22 22:56:58+00:00,1.6816666666666666
AX,2014-02-26 20:41:19+00:00,2014-02-26 20:52:00+00:00,0.17805555555555555
AY,2014-01-04 11:08:23+00:00,2014-01-12 15:15:00+00:00,196.11027777777778
AZ,2014-02-23 02:21:21+00:00,2014-02-28 10:30:00+00:00,128.14416666666668
B,2014-12-21 10:04:24+00:00,2014-12-26 17:00:00+00:00,126.92666666666666
BA,2014-05-07 15:36:23+00:00,2014-08-01 06:58:21+00:00,2055.366111111111
BAA,2014-12-17 19:21:03+00:00,2014-12-20 11:00:00+00:00,63.649166666666666
BB,2014-03-10 11:13:21+00:00,2014-03-10 12:07:00+00:00,0.8941666666666667
BBA,2014-04-23 08:08:21+00:00,2014-04-28 11:00:00+00:00,122.86083333333333
BC,2015-02-07 14:14:13+00:00,2015-02-07 15:23:00+00:00,1.146388888888889
BCA,2015-01-01 10:37:39+00:00,2015-01-03 11:00:00+00:00,48.3725
BD,2015-02-02 01:03:30+00:00,2015-02-05 09:00:00+00:00,79.94166666666666
BDA,2014-10-15 06:59:57+00:00,2014-10-20 09:00:00+00:00,122.00083333333333
BE,2014-02-21 10:37:38+00:00,2014-10-31 14:35:09+00:00,6051.958611111111
BEA,2014-05-29 11:01:00+00:00,2014-05-29 11:53:10+00:00,0.8694444444444445
BF,2014-08-07 08:15:51+00:00,2014-08-11 11:38:32+00:00,99.37805555555556
BFA,2014-10-21 06:52:00+00:00,2014-10-25 13:30:00+00:00,102.63333333333334
BG,2014-03-06 08:30:52+00:00,2014-03-09 09:00:00+00:00,72.48555555555555
BGA,2014-08-10 00:45:02+00:00,2014-08-13 13:45:00+00:00,84.99944444444445
BH,2014-03-01 20:48:52+00:00,2014-03-06 10:30:00+00:00,109.68555555555555
BHA,2014-05-02 04:59:42+00:00,2014-05-07 13:20:00+00:00,128.33833333333334
BI,2014-02-06 13:57:26+00:00,2014-02-08 01:05:00+00:00,35.12611111111111
BIA,2014-09-04 18:00:00+00:00,2014-12-13 23:05:21+00:00,2405.0891666666666
BJ,2014-11-22 04:43:13+00:00,2014-11-28 11:45:00+00:00,151.02972222222223
BJA,2013-12-15 20:17:27+00:00,2014-08-05 08:57:36+00:00,5580.669166666667
BK,2014-11-24 09:14:01+00:00,2015-03-27 09:29:21+00:00,2952.2555555555555
BKA,2014-05-27 14:43:10+00:00,2014-06-20 14:09:03+00:00,575.4313888888889
BL,2014-05-06 20:37:39+00:00,2014-05-08 09:00:00+00:00,36.3725
BLA,2014-06-25 06:44:52+00:00,2014-08-19 09:50:36+00:00,1323.0955555555556
BM,2014-09-21 15:05:30+00:00,2014-09-21 17:58:30+00:00,2.8833333333333333
BMA,2014-07-28 14:24:15+00:00,2014-12-02 08:47:57+00:00,3042.395
BN,2014-02-27 09:52:15+00:00,2014-03-22 08:30:00+00:00,550.6291666666667
BNA,2014-09-06 13:22:52+00:00,2014-09-09 10:35:00+00:00,69.20222222222222
BO,2014-05-30 14:45:52+00:00,2014-05-30 15:10:00+00:00,0.4022222222222222
BP,2015-01-31 08:50:31+00:00,2015-02-14 09:30:00+00:00,336.65805555555556
BQ,2014-03-24 17:09:11+00:00,2014-03-30 12:00:00+00:00,138.84694444444443
BR,2014-03-26 11:20:45+00:00,2014-10-14 12:59:49+00:00,4849.651111111111
BS,2014-08-02 12:17:41+00:00,2014-08-15 11:00:00+00:00,310.7052777777778
BT,2014-07-19 12:09:40+00:00,2014-10-12 14:01:01+00:00,2041.8558333333333
BU,2014-03-10 08:57:48+00:00,2014-03-14 10:00:00+00:00,97.03666666666666
BV,2013-11-13 13:11:53+00:00,2013-11-18 10:30:00+00:00,117.30194444444444
BW,2014-04-02 14:39:39+00:00,2014-04-21 12:00:00+00:00,453.33916666666664
BX,2014-08-19 18:04:00+00:00,2014-11-28 08:00:33+00:00,2413.9425
BY,2014-05-25 10:30:39+00:00,2014-05-25 11:24:00+00:00,0.8891666666666667
BZ,2014-01-15 18:56:31+00:00,2014-01-28 13:00:00+00:00,306.05805555555554
C,2014-02-09 18:29:29+00:00,2014-02-15 09:00:00+00:00,134.50861111111112
CA,2013-12-23 18:11:35+00:00,2013-12-23 18:57:00+00:00,0.7569444444444444
CAA,2015-01-10 09:11:59+00:00,2015-01-10 10:13:10+00:00,1.0197222222222222
CB,2014-02-11 11:36:56+00:00,2014-02-18 08:00:00+00:00,164.38444444444445
CBA,2015-02-01 21:20:15+00:00,2015-02-16 13:00:00+00:00,351.6625
CC,2015-02-22 23:50:05+00:00,2015-02-26 13:18:29+00:00,85.47333333333333
CCA,2014-06-05 09:40:54+00:00,2014-06-05 13:00:53+00:00,3.3330555555555557
CD,2014-09-22 12:38:49+00:00,2014-09-22 18:15:38+00:00,5.613611111111111
CDA,2014-02-16 00:58:26+00:00,2014-02-16 01:00:31+00:00,0.034722222222222224
CE,2014-10-11 14:40:44+00:00,2014-10-21 06:00:00+00:00,231.32111111111112
CEA,2013-12-25 09:26:40+00:00,2014-01-02 09:00:00+00:00,191.55555555555554
CF,2014-05-12 11:10:14+00:00,2014-06-05 10:56:16+00:00,575.7672222222222
CFA,2014-07-01 22:05:48+00:00,2014-07-16 11:30:00+00:00,349.4033333333333
CG,2013-11-24 08:56:15+00:00,2013-11-29 07:45:00+00:00,118.8125
CGA,2014-11-17 21:34:16+00:00,2014-11-20 10:10:00+00:00,60.595555555555556
CH,2014-12-22 04:25:48+00:00,2014-12-24 12:30:00+00:00,56.07
CHA,2014-07-18 14:37:59+00:00,2014-07-27 04:59:42+00:00,206.36194444444445
CI,2015-01-06 17:29:49+00:00,2015-01-10 13:00:00+00:00,91.50305555555556
CIA,2014-04-26 18:23:08+00:00,2014-04-26 19:34:00+00:00,1.181111111111111
CJ,2014-08-09 13:19:00+00:00,2014-08-20 03:45:00+00:00,254.43333333333334
CJA,2015-01-06 23:55:03+00:00,2015-01-10 11:30:00+00:00,83.5825
CK,2014-01-29 01:42:25+00:00,2014-01-29 02:09:00+00:00,0.44305555555555554
CKA,2014-10-03 07:22:45+00:00,2014-10-12 08:30:00+00:00,217.12083333333334
CL,2014-02-06 00:17:00+00:00,2014-02-06 00:26:00+00:00,0.15
CLA,2014-10-26 23:00:42+00:00,2014-10-27 02:00:00+00:00,2.9883333333333333
CM,2015-01-25 14:00:04+00:00,2015-01-30 12:00:00+00:00,117.99888888888889
CMA,2014-09-01 06:40:16+00:00,2014-09-01 15:43:18+00:00,9.050555555555556
CN,2014-01-01 16:06:57+00:00,2014-01-02 08:00:00+00:00,15.884166666666667
CNA,2014-09-19 06:14:18+00:00,2014-10-06 08:36:47+00:00,410.3747222222222
CO,2014-01-17 15:44:42+00:00,2014-01-21 10:00:00+00:00,90.255
CP,2014-04-09 11:21:46+00:00,2014-04-28 09:15:00+00:00,453.88722222222225
CQ,2014-02-24 20:43:57+00:00,2014-02-28 09:30:00+00:00,84.7675
CR,2014-04-18 16:44:51+00:00,2014-05-27 12:03:53+00:00,931.3172222222222
CS,2013-11-28 15:06:15+00:00,2013-11-28 16:48:05+00:00,1.6972222222222222
CT,2014-05-31 19:46:45+00:00,2014-06-06 12:00:00+00:00,136.22083333333333
CU,2014-12-26 18:45:40+00:00,2015-01-04 15:32:50+00:00,212.7861111111111
CV,2014-04-17 19:30:41+00:00,2014-04-21 07:45:00+00:00,84.23861111111111
CW,2015-01-11 14:59:46+00:00,2015-01-15 14:30:00+00:00,95.5038888888889
CX,2014-03-01 20:28:17+00:00,2014-03-06 09:00:00+00:00,108.5286111111111
CY,2014-06-04 18:02:57+00:00,2014-07-03 07:00:00+00:00,684.9508333333333
CZ,2014-09-18 11:46:43+00:00,2014-10-02 22:59:00+00:00,347.20472222222224
D,2014-07-10 09:52:00+00:00,2014-07-28 15:36:41+00:00,437.7447222222222
DA,2014-02-16 20:57:06+00:00,2014-02-22 12:50:00+00:00,135.88166666666666
DAA,2014-07-13 23:15:16+00:00,2014-07-22 12:00:00+00:00,204.74555555555557
DB,2014-06-04 09:56:17+00:00,2014-06-09 09:30:00+00:00,119.56194444444445
DBA,2014-10-31 10:25:27+00:00,2014-11-04 09:00:00+00:00,94.57583333333334
DC,2014-03-08 02:44:37+00:00,2014-11-26 02:05:34+00:00,6311.349166666667
DCA,2014-05-20 10:31:49+00:00,2014-07-01 09:40:54+00:00,1007.1513888888888
DD,2014-02-13 12:14:23+00:00,2014-02-18 18:30:00+00:00,126.26027777777777
DDA,2014-02-11 16:12:08+00:00,2014-02-22 07:55:00+00:00,255.71444444444444
DE,2014-02-19 23:02:34+00:00,2014-02-19 23:26:00+00:00,0.39055555555555554
DEA,2014-03-05 02:36:26+00:00,2014-03-07 10:00:00+00:00,55.39277777777778
DF,2014-03-21 13:38:19+00:00,2014-03-21 15:50:54+00:00,2.209722222222222
DFA,2014-10-05 13:28:27+00:00,2014-10-12 13:00:00+00:00,167.52583333333334
DG,2014-09-19 06:51:17+00:00,2014-09-22 14:00:00+00:00,79.14527777777778
DGA,2014-08-19 17:41:58+00:00,2014-09-01 08:00:00+00:00,302.30055555555555
DH,2014-06-30 16:04:08+00:00,2014-10-18 09:17:01+00:00,2633.214722222222
DHA,2014-09-20 14:26:51+00:00,2014-09-25 09:14:39+00:00,114.79666666666667
DI,2014-08-29 20:54:03+00:00,2014-09-01 07:30:00+00:00,58.59916666666667
DIA,2014-09-13 19:00:25+00:00,2014-09-13 19:16:00+00:00,0.25972222222222224
DJ,2014-12-26 14:44:53+00:00,2015-05-04 10:21:42+00:00,3091.613611111111
DJA,2014-02-09 12:39:54+00:00,2014-04-05 01:40:50+00:00,1309.0155555555555
DK,2014-06-21 04:33:03+00:00,2014-09-25 14:04:57+00:00,2313.5316666666668
DKA,2014-03-29 17:23:51+00:00,2014-04-28 19:05:08+00:00,721.6880555555556
DL,2015-01-07 19:39:25+00:00,2015-01-11 09:00:00+00:00,85.34305555555555
DLA,2015-01-04 09:44:28+00:00,2015-01-04 13:18:23+00:00,3.5652777777777778
DM,2014-02-13 14:51:08+00:00,2014-02-13 16:38:56+00:00,1.7966666666666666
DMA,2014-05-02 15:08:18+00:00,2014-05-02 15:28:02+00:00,0.3288888888888889
DN,2013-11-19 17:19:38+00:00,2013-11-19 17:29:00+00:00,0.15611111111111112
DNA,2014-11-10 03:25:25+00:00,2014-11-10 06:04:51+00:00,2.6572222222222224
DO,2013-12-11 12:16:08+00:00,2014-01-11 11:57:22+00:00,743.6872222222222
DP,2014-07-13 08:57:07+00:00,2014-07-18 08:00:00+00:00,119.04805555555555
DQ,2014-07-27 20:02:28+00:00,2014-07-27 21:20:55+00:00,1.3075
DR,2014-04-20 16:21:54+00:00,2014-04-25 16:00:00+00:00,119.635
DS,2014-10-28 20:08:11+00:00,2014-11-06 09:45:00+00:00,205.6136111111111
DT,2014-03-27 10:05:24+00:00,2014-04-02 14:00:00+00:00,147.91
DU,2013-11-28 18:08:21+00:00,2013-11-28 20:37:05+00:00,2.4788888888888887
DV,2014-03-16 21:55:04+00:00,2014-03-16 23:38:14+00:00,1.7194444444444446
DW,2014-11-07 14:08:45+00:00,2014-11-10 15:00:00+00:00,72.85416666666667
DX,2014-09-18 15:41:00+00:00,2014-09-22 12:00:00+00:00,92.31666666666666
DY,2014-10-17 20:14:45+00:00,2014-10-24 09:00:00+00:00,156.75416666666666
DZ,2014-07-26 16:22:41+00:00,2014-08-16 08:35:00+00:00,496.2052777777778
E,2015-01-15 19:14:58+00:00,2015-01-15 19:35:59+00:00,0.3502777777777778
EA,2014-06-08 10:28:37+00:00,2014-11-20 09:58:55+00:00,3959.505
EAA,2014-06-23 12:19:50+00:00,2014-06-26 02:00:00+00:00,61.669444444444444
EB,2014-10-17 08:02:44+00:00,2014-10-17 12:07:37+00:00,4.081388888888889
EBA,2015-02-02 14:30:18+00:00,2015-02-05 12:30:00+00:00,69.995
EC,2014-02-27 07:58:20+00:00,2014-03-16 08:30:00+00:00,408.52777777777777
ECA,2014-04-25 14:42:42+00:00,2014-04-30 07:04:38+00:00,112.36555555555556
ED,2014-02-19 08:26:10+00:00,2014-08-05 20:02:37+00:00,4019.6075
EDA,2015-02-02 09:35:49+00:00,2015-02-08 23:14:34+00:00,157.64583333333334
EE,2014-07-18 03:04:02+00:00,2014-07-23 08:00:00+00:00,124.93277777777777
EEA,2014-02-12 13:18:20+00:00,2014-07-04 15:09:34+00:00,3409.853888888889
EF,2014-05-02 16:36:15+00:00,2014-05-06 13:00:00+00:00,92.39583333333333
EFA,2014-06-10 11:08:33+00:00,2014-06-10 11:33:00+00:00,0.4075
EG,2014-10-26 18:22:19+00:00,2014-10-26 19:25:22+00:00,1.0508333333333333
EGA,2014-03-10 14:53:54+00:00,2014-03-17 12:00:00+00:00,165.10166666666666
EH,2014-05-12 10:27:58+00:00,2014-05-17 08:00:00+00:00,117.5338888888889
EHA,2014-03-30 15:57:58+00:00,2014-04-10 11:30:00+00:00,259.5338888888889
EI,2014-08-18 12:10:03+00:00,2014-09-07 09:07:45+00:00,476.96166666666664
EIA,2014-05-09 08:55:38+00:00,2014-11-18 09:23:28+00:00,4632.4638888888885
EJ,2014-10-25 11:30:00+00:00,2014-10-27 12:00:00+00:00,48.5
EJA,2014-03-10 11:45:15+00:00,2014-03-15 09:00:00+00:00,117.24583333333334
EK,2014-05-11 10:18:51+00:00,2014-05-18 12:00:00+00:00,169.68583333333333
EKA,2013-12-08 09:50:16+00:00,2013-12-12 13:20:00+00:00,99.49555555555555
EL,2014-07-29 00:57:58+00:00,2014-08-04 08:35:00+00:00,151.6172222222222
ELA,2014-06-19 20:46:46+00:00,2014-07-01 11:30:00+00:00,278.72055555555556
EM,2014-03-02 13:16:17+00:00,2014-06-02 12:08:19+00:00,2206.867222222222
EMA,2014-09-09 19:42:34+00:00,2014-10-12 19:17:11+00:00,791.5769444444444
EN,2014-11-01 08:56:02+00:00,2014-11-01 15:18:06+00:00,6.3677777777777775
ENA,2014-11-20 08:25:52+00:00,2014-11-20 08:57:00+00:00,0.5188888888888888
EO,2014-07-02 02:39:23+00:00,2015-01-02 09:14:22+00:00,4422.583055555556
EP,2014-08-05 11:49:12+00:00,2014-08-05 15:17:55+00:00,3.4786111111111113
EQ,2014-02-10 20:51:26+00:00,2014-03-05 13:48:59+00:00,544.9591666666666
ER,2014-10-07 16:47:11+00:00,2014-10-07 17:50:27+00:00,1.0544444444444445
ES,2014-11-04 13:02:09+00:00,2014-12-05 11:13:23+00:00,742.1872222222222
ET,2015-01-26 11:06:00+00:00,2015-01-29 09:00:00+00:00,69.9
EU,2014-05-27 15:50:50+00:00,2014-11-22 12:38:12+00:00,4292.789444444445
EV,2014-07-22 21:28:12+00:00,2014-07-23 21:45:54+00:00,24.295
EW,2015-01-07 21:32:17+00:00,2015-01-22 11:00:00+00:00,349.46194444444444
EX,2014-01-05 19:36:30+00:00,2014-01-23 15:29:00+00:00,427.875
EY,2014-06-02 11:01:57+00:00,2014-06-07 18:00:00+00:00,126.9675
EZ,2014-11-08 13:46:59+00:00,2014-11-08 15:05:00+00:00,1.3002777777777779
F,2014-05-07 16:56:57+00:00,2014-05-09 09:00:00+00:00,40.05083333333334
FA,2014-05-12 14:30:57+00:00,2014-05-12 20:17:45+00:00,5.78
FAA,2014-10-06 20:10:15+00:00,2015-06-05 10:25:11+00:00,5798.248888888889
FB,2014-05-21 15:02:23+00:00,2014-05-21 15:34:00+00:00,0.5269444444444444
FBA,2014-02-23 23:40:52+00:00,2014-11-20 05:23:24+00:00,6461.708888888889
FC,2014-03-11 12:36:01+00:00,2014-03-13 09:00:00+00:00,44.39972222222222
FCA,2013-12-07 00:11:08+00:00,2014-01-15 20:02:25+00:00,955.8547222222222
FD,2014-05-10 20:26:10+00:00,2014-05-11 05:00:00+00:00,8.563888888888888
FDA,2014-05-13 21:00:14+00:00,2014-05-29 11:27:22+00:00,374.45222222222225
FE,2015-01-24 15:45:54+00:00,2015-02-20 09:34:07+00:00,641.8036111111111
FEA,2014-03-07 19:36:08+00:00,2014-03-09 09:30:00+00:00,37.897777777777776
FF,2014-08-06 09:50:31+00:00,2014-08-06 15:39:14+00:00,5.811944444444444
FFA,2015-01-20 23:14:49+00:00,2015-01-20 23:21:17+00:00,0.10777777777777778
FG,2014-12-08 09:56:58+00:00,2014-12-13 11:00:00+00:00,121.05055555555556
FGA,2014-10-05 18:51:36+00:00,2014-10-06 19:00:47+00:00,24.153055555555557
FH,2014-11-22 09:48:10+00:00,2015-01-08 17:32:02+00:00,1135.7311111111112
FHA,2013-11-20 14:16:15+00:00,2014-07-11 19:07:05+00:00,5596.847222222223
FI,2014-04-21 08:38:12+00:00,2014-04-21 11:47:51+00:00,3.160833333333333
FIA,2014-03-02 14:44:37+00:00,2014-03-23 10:00:00+00:00,499.25638888888886
FJ,2014-04-01 09:10:14+00:00,2014-08-02 11:30:00+00:00,2954.3294444444446
FJA,2014-05-02 18:47:21+00:00,2014-05-13 08:30:00+00:00,253.71083333333334
FK,2014-11-04 19:19:40+00:00,2014-11-16 09:00:00+00:00,277.6722222222222
FKA,2014-04-14 18:51:37+00:00,2014-04-19 07:19:09+00:00,108.4588888888889
FL,2014-07-05 18:15:59+00:00,2014-07-06 21:17:59+00:00,27.033333333333335
FLA,2014-04-10 09:41:13+00:00,2014-04-10 10:49:09+00:00,1.1322222222222222
FM,2014-07-21 10:24:06+00:00,2014-08-23 08:45:00+00:00,790.3483333333334
FMA,2014-08-20 20:58:06+00:00,2014-08-25 19:42:34+00:00,118.74111111111111
FN,2014-03-26 10:20:08+00:00,2014-03-31 02:20:55+00:00,112.01305555555555
FNA,2014-09-08 18:49:40+00:00,2014-09-09 20:05:30+00:00,25.26388888888889
FO,2014-11-05 01:05:12+00:00,2014-11-11 09:00:00+00:00,151.91333333333333
FP,2014-05-31 13:07:00+00:00,2014-05-31 15:28:33+00:00,2.359166666666667
FQ,2014-03-08 07:40:34+00:00,2014-03-08 10:55:00+00:00,3.2405555555555554
FR,2014-12-16 19:41:04+00:00,2014-12-16 23:08:21+00:00,3.4547222222222222
FS,2014-10-16 14:37:21+00:00,2014-10-16 14:44:00+00:00,0.11083333333333334
FT,2014-05-08 11:26:19+00:00,2014-05-26 11:45:00+00:00,432.31138888888887
FU,2014-06-21 15:08:52+00:00,2014-06-27 18:00:00+00:00,146.85222222222222
FV,2013-12-04 15:35:19+00:00,2013-12-04 15:56:00+00:00,0.3447222222222222
FW,2014-10-09 09:16:42+00:00,2015-01-09 21:32:17+00:00,2220.259722222222
FX,2014-01-02 16:17:25+00:00,2014-01-22 19:36:30+00:00,483.31805555555553
FY,2014-03-19 13:54:15+00:00,2014-04-04 10:32:51+00:00,380.6433333333333
FZ,2015-02-08 18:51:33+00:00,2015-02-25 20:05:22+00:00,409.23027777777776
G,2014-09-05 12:40:47+00:00,2014-09-12 08:00:00+00:00,163.3202777777778
GA,2014-05-03 06:37:18+00:00,2014-05-07 09:00:00+00:00,98.37833333333333
GAA,2014-08-15 07:06:19+00:00,2014-08-20 11:00:00+00:00,123.89472222222223
GB,2014-08-27 00:15:42+00:00,2015-04-29 13:32:06+00:00,5893.2733333333335
GBA,2014-05-09 17:12:49+00:00,2014-10-17 21:12:07+00:00,3867.9883333333332
GC,2014-08-25 04:18:21+00:00,2014-08-31 08:00:00+00:00,147.69416666666666
GCA,2014-08-10 21:07:44+00:00,2015-01-22 22:11:20+00:00,3961.06
GD,2014-07-06 13:19:13+00:00,2014-07-12 08:30:00+00:00,139.1797222222222
GDA,2014-03-05 07:45:59+00:00,2014-09-28 18:13:13+00:00,4978.453888888889
GE,2014-08-01 08:35:00+00:00,2014-08-08 08:05:00+00:00,167.5
GEA,2014-07-02 21:37:45+00:00,2014-07-06 16:30:00+00:00,90.87083333333334
GF,2014-05-29 01:22:48+00:00,2014-07-12 20:51:19+00:00,1075.4752777777778
GFA,2014-05-02 20:39:29+00:00,2014-05-04 11:00:00+00:00,38.341944444444444
GG,2015-01-18 16:28:17+00:00,2015-02-23 20:43:23+00:00,868.2516666666667
GGA,2014-01-11 06:03:42+00:00,2014-01-11 08:00:00+00:00,1.9383333333333332
GH,2014-03-18 15:50:43+00:00,2014-03-18 17:45:00+00:00,1.9047222222222222
GHA,2014-06-07 13:22:23+00:00,2014-06-12 08:00:00+00:00,114.62694444444445
GI,2014-09-11 07:38:00+00:00,2014-09-20 13:00:00+00:00,221.36666666666667
GIA,2014-02-14 08:27:11+00:00,2014-02-14 09:02:46+00:00,0.5930555555555556
GJ,2014-02-19 18:50:19+00:00,2014-05-17 09:28:57+00:00,2078.643888888889
GJA,2014-06-26 20:47:43+00:00,2014-07-21 14:32:02+00:00,593.7386111111111
GK,2014-12-24 08:34:00+00:00,2015-02-04 12:20:00+00:00,1011.7666666666667
GKA,2014-03-03 19:46:23+00:00,2014-03-03 20:13:00+00:00,0.4436111111111111
GL,2014-03-16 03:24:14+00:00,2014-03-23 14:46:59+00:00,179.37916666666666
GLA,2014-10-05 04:55:02+00:00,2014-10-10 18:00:00+00:00,133.08277777777778
GM,2015-02-11 12:24:15+00:00,2015-02-18 08:55:00+00:00,164.5125
GMA,2015-02-18 16:04:38+00:00,2015-02-27 17:00:00+00:00,216.92277777777778
GN,2014-07-21 13:19:09+00:00,2014-08-26 11:35:19+00:00,862.2694444444444
GNA,2014-07-30 22:25:29+00:00,2014-08-06 14:00:00+00:00,159.57527777777779
GO,2015-01-26 16:22:03+00:00,2015-02-01 13:30:00+00:00,141.1325
GP,2014-12-18 08:47:59+00:00,2014-12-22 08:00:00+00:00,95.20027777777777
GQ,2014-06-25 10:22:33+00:00,2014-06-29 11:00:00+00:00,96.62416666666667
GR,2014-11-14 10:22:26+00:00,2014-11-14 10:32:00+00:00,0.15944444444444444
GS,2015-01-14 14:04:34+00:00,2015-01-28 10:20:00+00:00,332.2572222222222
GT,2014-04-17 13:19:30+00:00,2014-05-10 15:27:33+00:00,554.1341666666667
GU,2014-07-16 07:44:44+00:00,2014-10-24 10:16:53+00:00,2402.5358333333334
GV,2014-02-14 18:28:29+00:00,2014-02-24 23:30:00+00:00,245.02527777777777
GW,2014-03-30 08:10:59+00:00,2014-03-30 10:57:00+00:00,2.7669444444444444
GX,2014-11-04 22:30:00+00:00,2014-11-08 05:30:00+00:00,79.0
GY,2014-08-23 10:47:37+00:00,2014-09-03 07:15:00+00:00,260.4563888888889
GZ,2014-11-28 02:19:01+00:00,2014-11-28 02:37:00+00:00,0.2997222222222222
H,2014-03-11 08:50:02+00:00,2014-03-16 00:00:00+00:00,111.1661111111111
HA,2013-11-16 10:38:41+00:00,2013-11-22 09:00:00+00:00,142.3552777777778
HAA,2013-12-12 07:49:26+00:00,2013-12-22 05:00:00+00:00,237.1761111111111
HB,2014-04-17 12:28:36+00:00,2014-04-22 09:39:58+00:00,117.18944444444445
HBA,2014-07-27 17:29:38+00:00,2014-12-05 11:05:28+00:00,3137.597222222222
HC,2014-04-29 18:06:23+00:00,2014-04-29 18:41:00+00:00,0.5769444444444445
HCA,2014-05-10 13:56:58+00:00,2014-05-10 14:15:00+00:00,0.3005555555555556
HD,2014-12-08 11:12:19+00:00,2014-12-14 18:00:00+00:00,150.79472222222222
HDA,2014-01-04 19:49:48+00:00,2015-01-04 18:28:24+00:00,8758.643333333333
HE,2014-03-06 14:30:48+00:00,2014-03-13 16:00:00+00:00,169.48666666666668
HEA,2014-05-27 01:52:46+00:00,2014-06-01 19:26:00+00:00,137.55388888888888
HF,2014-10-25 18:30:31+00:00,2014-10-31 09:00:00+00:00,134.49138888888888
HFA,2014-12-17 16:49:12+00:00,2014-12-17 21:44:19+00:00,4.918611111111111
HG,2013-12-13 10:58:49+00:00,2015-02-08 18:45:18+00:00,10135.774722222222
HGA,2014-11-30 05:58:43+00:00,2014-12-11 08:45:00+00:00,266.7713888888889
HH,2014-11-03 16:39:47+00:00,2014-11-07 13:15:00+00:00,92.58694444444444
HHA,2014-06-27 17:26:16+00:00,2014-07-02 12:00:00+00:00,114.56222222222222
HI,2014-05-06 14:44:48+00:00,2014-05-27 18:35:37+00:00,507.84694444444443
HIA,2014-11-01 16:34:14+00:00,2014-12-23 18:08:31+00:00,1249.5713888888888
HJ,2014-07-12 15:09:24+00:00,2014-07-17 11:30:00+00:00,116.34333333333333
HJA,2014-12-06 13:54:36+00:00,2014-12-13 12:00:00+00:00,166.09
HK,2014-04-09 15:01:24+00:00,2014-04-25 11:00:00+00:00,379.9766666666667
HKA,2014-12-12 14:09:12+00:00,2014-12-22 10:00:00+00:00,235.84666666666666
HL,2015-01-28 07:33:50+00:00,2015-05-07 17:35:42+00:00,2386.031111111111
HLA,2014-08-30 06:50:24+00:00,2014-09-05 12:15:00+00:00,149.41
HM,2014-01-27 12:40:00+00:00,2014-02-08 12:20:00+00:00,287.6666666666667
HMA,2014-02-19 07:39:43+00:00,2014-02-19 07:51:21+00:00,0.1938888888888889
HN,2015-02-12 14:18:22+00:00,2015-02-25 12:47:53+00:00,310.49194444444447
HNA,2014-08-01 08:26:51+00:00,2014-08-13 08:30:00+00:00,288.0525
HO,2014-11-27 08:26:16+00:00,2014-12-13 11:00:00+00:00,386.5622222222222
HP,2014-10-22 04:34:40+00:00,2014-10-25 13:00:00+00:00,80.42222222222222
HQ,2015-01-28 14:24:44+00:00,2015-01-31 17:00:00+00:00,74.58777777777777
HR,2014-12-19 20:35:27+00:00,2014-12-21 12:00:00+00:00,39.409166666666664
HS,2014-10-25 11:17:04+00:00,2014-11-12 14:58:21+00:00,435.68805555555554
HT,2014-03-31 06:21:47+00:00,2014-04-07 14:00:00+00:00,175.63694444444445
HU,2014-02-01 20:08:54+00:00,2014-02-01 20:20:30+00:00,0.19333333333333333
HV,2014-02-17 08:25:50+00:00,2014-02-23 14:00:00+00:00,149.56944444444446
HW,2014-07-01 12:58:06+00:00,2014-07-01 13:54:26+00:00,0.9388888888888889
HX,2014-11-29 07:01:38+00:00,2014-12-02 16:00:00+00:00,80.97277777777778
HY,2014-03-09 21:41:06+00:00,2014-05-07 10:47:37+00:00,1405.108611111111
HZ,2014-09-16 18:03:03+00:00,2014-09-21 08:00:00+00:00,109.94916666666667
I,2013-11-09 08:21:03+00:00,2013-11-16 12:05:00+00:00,171.7325
IA,2014-07-11 07:32:24+00:00,2014-07-11 08:02:24+00:00,0.5
IAA,2014-12-09 12:00:02+00:00,2015-02-15 17:33:09+00:00,1637.5519444444444
IB,2014-03-24 23:14:37+00:00,2014-03-28 10:00:00+00:00,82.75638888888889
IBA,2014-02-10 10:36:11+00:00,2014-02-15 13:00:00+00:00,122.39694444444444
IC,2014-04-10 00:09:50+00:00,2014-06-12 14:35:29+00:00,1526.4275
ICA,2013-12-21 10:27:15+00:00,2013-12-21 10:42:00+00:00,0.24583333333333332
ID,2014-08-25 10:20:55+00:00,2014-08-25 10:59:02+00:00,0.6352777777777778
IDA,2013-11-28 13:27:01+00:00,2014-01-06 19:49:48+00:00,942.3797222222222
IE,2014-07-28 16:02:48+00:00,2014-07-31 08:20:00+00:00,64.28666666666666
IEA,2014-01-06 19:11:24+00:00,2014-03-01 01:52:46+00:00,1278.6894444444445
IF,2014-11-12 12:41:00+00:00,2014-11-18 09:00:00+00:00,140.31666666666666
IFA,2014-11-10 14:24:36+00:00,2014-11-10 17:15:20+00:00,2.8455555555555554
IG,2014-08-01 18:07:48+00:00,2014-08-13 08:00:00+00:00,277.87
IGA,2014-03-06 00:22:26+00:00,2014-03-26 09:24:17+00:00,489.0308333333333
IH,2014-03-09 20:22:21+00:00,2014-03-29 08:43:43+00:00,468.3561111111111
IHA,2014-06-07 15:25:26+00:00,2014-06-11 12:45:00+00:00,93.32611111111112
II,2014-07-25 15:59:02+00:00,2014-07-30 14:44:48+00:00,118.76277777777777
IIA,2014-03-25 12:20:52+00:00,2014-03-29 09:00:00+00:00,92.65222222222222
IJ,2014-05-24 17:40:09+00:00,2014-05-31 08:30:00+00:00,158.83083333333335
IJA,2014-05-06 18:28:44+00:00,2014-05-07 06:00:00+00:00,11.52111111111111
IK,2015-02-20 10:10:31+00:00,2015-02-20 10:45:00+00:00,0.5747222222222222
IKA,2014-01-22 12:58:27+00:00,2014-01-22 14:03:42+00:00,1.0875
IL,2014-11-25 13:45:07+00:00,2014-11-29 09:00:00+00:00,91.24805555555555
ILA,2014-09-16 07:08:46+00:00,2014-10-07 06:15:46+00:00,503.1166666666667
IM,2014-10-31 08:04:50+00:00,2014-12-01 11:30:00+00:00,747.4194444444445
IMA,2015-01-21 16:46:05+00:00,2015-01-21 19:07:22+00:00,2.354722222222222
IN,2014-03-25 18:04:46+00:00,2014-03-26 12:00:00+00:00,17.920555555555556
INA,2014-11-03 08:43:47+00:00,2014-11-03 09:45:51+00:00,1.0344444444444445
IO,2014-11-03 10:04:03+00:00,2015-01-02 09:20:09+00:00,1439.2683333333334
IP,2014-01-12 08:04:20+00:00,2014-01-24 15:23:39+00:00,295.32194444444445
IQ,2015-02-12 14:43:06+00:00,2015-02-17 11:54:11+00:00,117.18472222222222
IR,2014-05-19 13:21:17+00:00,2014-05-19 14:09:13+00:00,0.7988888888888889
IS,2014-08-20 09:58:02+00:00,2014-09-02 10:00:00+00:00,312.03277777777777
IT,2014-03-26 02:07:35+00:00,2014-07-05 06:21:47+00:00,2428.2366666666667
IU,2014-11-17 21:11:54+00:00,2014-11-24 12:00:00+00:00,158.80166666666668
IV,2014-06-06 13:37:50+00:00,2014-06-06 17:10:08+00:00,3.5383333333333336
IW,2014-02-27 08:18:00+00:00,2014-03-01 13:00:00+00:00,52.7
IX,2014-08-27 08:03:23+00:00,2014-08-27 12:14:22+00:00,4.183055555555556
IY,2014-05-03 16:19:41+00:00,2014-06-16 21:41:06+00:00,1061.3569444444445
IZ,2014-06-07 04:29:56+00:00,2014-06-09 16:30:00+00:00,60.00111111111111
J,2014-01-02 15:45:45+00:00,2014-01-06 10:00:00+00:00,90.2375
JA,2014-04-24 08:19:51+00:00,2014-07-03 20:59:38+00:00,1692.6630555555555
JAA,2014-03-02 05:35:09+00:00,2014-03-31 07:30:00+00:00,697.9141666666667
JB,2014-02-23 14:55:06+00:00,2014-02-23 16:43:39+00:00,1.8091666666666666
JBA,2014-08-18 15:31:24+00:00,2014-08-18 17:32:55+00:00,2.0252777777777777
JC,2014-02-28 15:31:31+00:00,2014-05-20 18:46:05+00:00,1947.2427777777777
JCA,2014-10-28 12:24:21+00:00,2015-01-15 15:40:23+00:00,1899.2672222222222
JD,2014-07-16 06:54:39+00:00,2015-02-20 09:19:11+00:00,5258.408888888889
JDA,2014-03-09 12:06:52+00:00,2014-03-09 19:06:13+00:00,6.989166666666667
JE,2014-02-25 16:33:52+00:00,2014-03-14 12:23:38+00:00,403.82944444444445
JEA,2014-01-08 19:39:11+00:00,2014-01-08 21:43:20+00:00,2.069166666666667
JF,2014-10-20 15:55:21+00:00,2014-10-20 19:22:20+00:00,3.4497222222222224
JFA,2013-12-24 11:45:04+00:00,2014-07-16 11:35:39+00:00,4895.843055555555
JG,2014-02-15 14:56:02+00:00,2014-02-23 12:00:00+00:00,189.0661111111111
JGA,2014-03-06 13:23:54+00:00,2014-03-07 17:00:00+00:00,27.601666666666667
JH,2014-02-27 12:57:37+00:00,2014-03-11 20:22:21+00:00,295.4122222222222
JHA,2014-06-04 14:39:57+00:00,2014-06-07 16:00:00+00:00,73.33416666666666
JI,2014-10-17 14:37:46+00:00,2014-10-17 15:11:00+00:00,0.5538888888888889
JIA,2014-05-24 10:14:00+00:00,2014-05-24 17:15:30+00:00,7.025
JJ,2014-10-12 12:37:47+00:00,2014-10-16 14:45:00+00:00,98.12027777777777
JJA,2014-05-05 08:56:00+00:00,2014-05-09 15:00:00+00:00,102.06666666666666
JK,2014-10-18 06:43:05+00:00,2014-10-23 09:00:00+00:00,122.28194444444445
JKA,2014-07-29 20:10:01+00:00,2014-08-04 15:00:00+00:00,138.83305555555555
JL,2014-03-25 11:54:19+00:00,2014-03-26 08:00:00+00:00,20.094722222222224
JLA,2014-05-04 04:15:14+00:00,2014-05-19 12:00:00+00:00,367.74611111111113
JM,2014-09-15 12:16:02+00:00,2014-10-05 11:00:00+00:00,478.73277777777776
JMA,2014-02-02 19:00:58+00:00,2014-02-11 10:00:00+00:00,206.98388888888888
JN,2013-11-25 11:56:29+00:00,2013-11-29 04:10:00+00:00,88.22527777777778
JNA,2014-11-12 16:40:19+00:00,2014-11-12 16:47:39+00:00,0.12222222222222222
JO,2015-01-30 11:47:20+00:00,2015-02-12 12:43:02+00:00,312.92833333333334
JP,2014-05-03 18:14:32+00:00,2014-05-03 18:26:00+00:00,0.19111111111111112
JQ,2013-12-03 09:41:53+00:00,2013-12-07 18:00:00+00:00,104.30194444444444
JR,2013-11-18 12:02:28+00:00,2014-01-12 16:16:20+00:00,1324.2311111111112
JS,2014-03-27 16:12:12+00:00,2014-05-02 09:45:00+00:00,857.5466666666666
JT,2014-06-13 19:10:26+00:00,2014-06-25 17:00:00+00:00,285.8261111111111
JU,2014-06-26 21:18:30+00:00,2014-07-01 08:40:00+00:00,107.35833333333333
JV,2014-12-03 00:25:29+00:00,2014-12-08 12:00:00+00:00,131.57527777777779
JW,2014-06-13 10:59:20+00:00,2014-06-23 17:35:01+00:00,246.59472222222223
JX,2014-12-24 10:47:15+00:00,2014-12-29 09:00:00+00:00,118.2125
JY,2014-03-31 22:08:15+00:00,2014-04-30 16:19:41+00:00,714.1905555555555
JZ,2014-12-18 17:34:00+00:00,2014-12-19 06:00:00+00:00,12.433333333333334
K,2014-02-23 20:43:13+00:00,2014-06-10 20:27:24+00:00,2567.736388888889
KA,2013-12-26 06:50:57+00:00,2013-12-31 11:09:34+00:00,124.31027777777778
KAA,2014-08-28 08:40:39+00:00,2014-08-29 08:00:00+00:00,23.3225
KB,2014-06-17 09:02:28+00:00,2014-11-08 21:04:52+00:00,3468.04
KBA,2014-07-29 15:11:20+00:00,2014-08-01 15:00:00+00:00,71.81111111111112
KC,2014-06-05 06:25:58+00:00,2014-06-22 09:00:00+00:00,410.5672222222222
KCA,2014-10-11 15:55:10+00:00,2014-10-15 12:00:00+00:00,92.08055555555555
KD,2014-02-24 20:00:00+00:00,2014-06-26 06:54:39+00:00,2914.9108333333334
KDA,2014-05-11 12:09:29+00:00,2014-05-11 12:21:21+00:00,0.19777777777777777
KE,2013-12-16 14:30:19+00:00,2014-11-17 14:54:09+00:00,8064.397222222222
KEA,2014-11-06 15:29:26+00:00,2014-11-06 16:49:02+00:00,1.3266666666666667
KF,2014-03-31 18:38:07+00:00,2014-04-05 09:00:00+00:00,110.36472222222223
KFA,2014-03-06 13:41:30+00:00,2014-04-02 13:07:59+00:00,647.4413888888889
KG,2014-05-20 10:52:00+00:00,2014-05-24 13:15:00+00:00,98.38333333333334
KGA,2014-06-29 06:49:47+00:00,2014-06-29 10:03:49+00:00,3.233888888888889
KH,2014-05-31 06:12:01+00:00,2014-06-03 11:40:00+00:00,77.46638888888889
KHA,2014-09-11 13:33:49+00:00,2014-09-20 11:46:42+00:00,214.21472222222224
KI,2014-11-16 00:52:30+00:00,2015-01-02 14:37:46+00:00,1141.7544444444445
KIA,2015-01-19 05:06:52+00:00,2015-01-23 12:15:00+00:00,103.13555555555556
KJ,2014-08-27 08:34:14+00:00,2014-08-31 11:30:00+00:00,98.92944444444444
KJA,2014-02-18 07:05:00+00:00,2014-02-18 13:39:40+00:00,6.5777777777777775
KK,2014-08-20 23:07:35+00:00,2014-08-24 07:45:00+00:00,80.62361111111112
KKA,2014-09-14 18:16:04+00:00,2014-09-27 08:00:00+00:00,301.7322222222222
KL,2014-11-13 07:43:17+00:00,2014-11-13 08:22:43+00:00,0.6572222222222223
KLA,2014-09-23 08:58:03+00:00,2014-09-28 14:00:00+00:00,125.0325
KM,2014-08-25 00:09:42+00:00,2014-11-02 12:29:18+00:00,1668.3266666666666
KMA,2013-12-23 23:38:29+00:00,2014-01-01 09:00:00+00:00,201.35861111111112
KN,2014-07-11 13:28:35+00:00,2014-07-18 20:00:00+00:00,174.5236111111111
KNA,2014-12-11 22:28:38+00:00,2014-12-16 16:00:00+00:00,113.52277777777778
KO,2014-05-03 19:14:35+00:00,2014-08-20 05:34:50+00:00,2602.3375
KP,2014-05-12 19:24:12+00:00,2014-05-15 18:00:00+00:00,70.59666666666666
KQ,2014-06-29 08:30:52+00:00,2014-12-07 07:30:15+00:00,3862.989722222222
KR,2015-01-05 18:09:49+00:00,2015-01-05 22:11:45+00:00,4.032222222222222
KS,2014-08-08 10:08:12+00:00,2014-09-28 01:24:02+00:00,1215.263888888889
KT,2014-12-26 04:24:53+00:00,2014-12-29 19:00:00+00:00,86.58527777777778
KU,2014-08-04 09:25:50+00:00,2014-08-04 09:45:31+00:00,0.32805555555555554
KV,2014-08-07 15:49:36+00:00,2014-08-13 19:29:21+00:00,147.6625
KW,2014-03-11 10:47:39+00:00,2014-03-19 10:59:20+00:00,192.19472222222223
KX,2014-11-11 10:40:02+00:00,2014-12-02 15:49:55+00:00,509.1647222222222
KY,2014-11-12 20:27:21+00:00,2014-11-12 20:46:00+00:00,0.31083333333333335
KZ,2014-11-11 10:25:42+00:00,2014-11-14 08:52:00+00:00,70.43833333333333
L,2014-08-31 16:47:15+00:00,2014-09-11 22:40:27+00:00,269.88666666666666
LA,2014-11-20 11:11:27+00:00,2014-11-20 11:28:00+00:00,0.2758333333333333
LAA,2013-12-03 20:44:47+00:00,2013-12-03 21:43:26+00:00,0.9775
LB,2013-12-02 09:51:22+00:00,2013-12-12 05:45:00+00:00,235.89388888888888
LBA,2014-11-17 19:29:46+00:00,2014-12-02 08:00:00+00:00,348.50388888888887
LC,2014-05-02 04:09:01+00:00,2014-05-26 06:25:58+00:00,578.2825
LCA,2014-05-22 10:44:41+00:00,2014-05-22 14:01:56+00:00,3.2875
LD,2015-01-25 14:08:46+00:00,2015-02-01 19:00:00+00:00,172.8538888888889
LDA,2014-10-15 19:24:44+00:00,2014-10-20 13:00:00+00:00,113.58777777777777
LE,2014-03-14 10:00:15+00:00,2014-03-17 17:30:00+00:00,79.49583333333334
LEA,2014-04-19 16:39:23+00:00,2014-04-26 04:27:00+00:00,155.79361111111112
LF,2014-03-07 20:49:45+00:00,2014-03-07 21:42:00+00:00,0.8708333333333333
LFA,2014-08-27 13:38:05+00:00,2014-08-31 10:00:00+00:00,92.36527777777778
LG,2014-11-27 09:41:23+00:00,2015-03-29 15:53:20+00:00,2934.1991666666668
LGA,2014-08-10 09:39:14+00:00,2014-08-10 14:50:42+00:00,5.191111111111111
LH,2015-01-17 08:50:23+00:00,2015-01-28 10:30:00+00:00,265.66027777777776
LHA,2014-09-09 07:38:25+00:00,2014-09-13 08:00:00+00:00,96.35972222222222
LI,2014-03-20 09:06:50+00:00,2014-08-25 00:52:30+00:00,3783.761111111111
LIA,2014-11-30 01:57:44+00:00,2015-01-17 05:06:52+00:00,1155.1522222222222
LJ,2014-10-26 19:21:00+00:00,2014-12-14 08:30:00+00:00,1165.15
LJA,2014-06-13 15:57:35+00:00,2014-06-13 18:14:31+00:00,2.2822222222222224
LK,2015-02-15 20:39:55+00:00,2015-02-19 12:40:00+00:00,88.00138888888888
LKA,2014-03-22 19:22:31+00:00,2014-04-29 14:52:39+00:00,907.5022222222223
LL,2014-06-08 10:46:50+00:00,2014-06-20 08:00:00+00:00,285.21944444444443
LLA,2014-08-15 12:25:35+00:00,2014-08-15 12:43:00+00:00,0.2902777777777778
LM,2014-12-06 07:30:47+00:00,2014-12-29 17:00:00+00:00,561.4869444444445
LMA,2014-09-12 08:50:45+00:00,2014-09-13 13:30:00+00:00,28.654166666666665
LN,2014-02-18 21:28:35+00:00,2015-01-27 12:12:50+00:00,8222.7375
LNA,2014-12-03 09:50:28+00:00,2014-12-03 09:54:39+00:00,0.06972222222222223
LO,2014-10-13 13:14:34+00:00,2014-10-13 16:00:26+00:00,2.7644444444444445
LP,2014-09-01 10:51:27+00:00,2014-09-13 19:30:00+00:00,296.6425
LQ,2014-09-18 20:24:34+00:00,2014-09-28 08:30:52+00:00,228.105
LR,2014-10-04 11:37:43+00:00,2014-10-10 10:00:00+00:00,142.3713888888889
LS,2013-11-18 16:24:56+00:00,2014-12-20 15:39:26+00:00,9527.241666666667
LT,2014-04-05 12:01:25+00:00,2014-04-20 08:00:44+00:00,355.9886111111111
LU,2014-12-22 21:36:58+00:00,2015-01-01 14:33:58+00:00,232.95
LV,2014-10-02 11:47:38+00:00,2014-10-23 09:30:00+00:00,501.7061111111111
LW,2014-11-21 08:10:00+00:00,2014-11-27 09:15:00+00:00,145.08333333333334
LX,2014-06-18 06:15:00+00:00,2014-06-22 09:00:00+00:00,98.75
LY,2014-04-14 18:24:37+00:00,2014-04-14 18:40:40+00:00,0.2675
LZ,2013-11-27 23:00:01+00:00,2014-01-27 12:57:44+00:00,1453.9619444444445
M,2014-10-10 01:08:37+00:00,2014-10-10 01:10:54+00:00,0.03805555555555556
MA,2014-04-07 14:15:09+00:00,2014-04-10 15:00:00+00:00,72.7475
MAA,2014-02-12 15:56:15+00:00,2014-02-15 14:00:00+00:00,70.0625
MB,2014-11-04 12:55:37+00:00,2014-11-04 13:03:10+00:00,0.12583333333333332
MBA,2014-01-19 16:29:13+00:00,2014-01-23 17:00:00+00:00,96.51305555555555
MC,2013-12-27 15:14:54+00:00,2014-01-06 11:15:26+00:00,236.0088888888889
MCA,2015-01-14 21:14:36+00:00,2015-01-14 21:43:00+00:00,0.47333333333333333
MD,2014-09-22 21:48:47+00:00,2014-10-06 14:08:46+00:00,328.3330555555556
MDA,2014-10-07 18:00:31+00:00,2014-10-08 05:00:00+00:00,10.991388888888888
ME,2014-05-17 22:24:21+00:00,2014-09-09 07:23:41+00:00,2744.988888888889
MEA,2014-04-15 15:04:11+00:00,2014-04-23 15:00:00+00:00,191.93027777777777
MF,2014-12-18 17:53:10+00:00,2014-12-18 18:34:21+00:00,0.6863888888888889
MFA,2014-05-29 19:08:41+00:00,2014-07-10 11:30:40+00:00,1000.3663888888889
MG,2014-02-20 04:21:59+00:00,2014-02-20 10:00:00+00:00,5.633611111111111
MGA,2014-03-30 11:04:20+00:00,2014-04-03 21:00:00+00:00,105.92777777777778
MH,2014-06-16 19:05:04+00:00,2014-06-16 19:48:00+00:00,0.7155555555555555
MHA,2014-09-26 09:24:42+00:00,2015-04-22 20:30:51+00:00,5003.1025
MI,2013-12-22 07:11:25+00:00,2013-12-22 08:39:01+00:00,1.46
MIA,2014-10-11 07:32:36+00:00,2014-12-02 01:57:44+00:00,1242.418888888889
MJ,2014-09-04 19:10:31+00:00,2014-09-09 07:44:30+00:00,108.5663888888889
MJA,2014-05-04 18:55:44+00:00,2014-05-05 05:00:00+00:00,10.071111111111112
MK,2014-08-27 19:46:25+00:00,2015-04-18 12:02:11+00:00,5608.262777777778
MKA,2015-01-30 08:53:07+00:00,2015-02-15 09:00:00+00:00,384.1147222222222
ML,2014-01-14 08:00:46+00:00,2014-07-31 15:05:19+00:00,4759.075833333333
MLA,2014-02-11 20:48:17+00:00,2014-02-11 21:13:00+00:00,0.41194444444444445
MM,2014-03-30 10:17:19+00:00,2014-04-10 11:30:00+00:00,265.2113888888889
MMA,2014-12-14 15:14:48+00:00,2014-12-14 16:21:28+00:00,1.1111111111111112
MN,2014-04-29 13:08:00+00:00,2014-05-09 09:16:43+00:00,236.14527777777778
MO,2014-12-03 15:47:39+00:00,2014-12-09 09:15:00+00:00,137.45583333333335
MP,2013-12-10 04:40:54+00:00,2013-12-19 20:21:50+00:00,231.6822222222222
MQ,2014-02-22 17:37:22+00:00,2014-10-01 20:24:34+00:00,5306.786666666667
MR,2014-01-29 16:35:14+00:00,2014-02-02 08:30:00+00:00,87.91277777777778
MS,2014-11-28 15:40:19+00:00,2015-03-01 13:35:00+00:00,2229.9113888888887
MT,2014-05-17 17:17:28+00:00,2014-08-08 19:14:40+00:00,1993.9533333333334
MU,2014-03-05 09:43:33+00:00,2014-03-12 11:00:00+00:00,169.27416666666667
MV,2015-01-17 19:30:00+00:00,2015-01-21 15:00:00+00:00,91.5
MW,2014-10-30 10:52:00+00:00,2014-11-15 10:30:00+00:00,383.6333333333333
MX,2014-05-07 13:45:11+00:00,2014-05-16 12:00:00+00:00,214.24694444444444
MY,2013-11-13 13:23:53+00:00,2013-11-13 14:12:00+00:00,0.8019444444444445
MZ,2014-09-05 10:22:37+00:00,2014-09-26 15:57:44+00:00,509.5852777777778
N,2014-06-16 08:34:58+00:00,2014-06-21 12:30:00+00:00,123.91722222222222
NA,2014-11-10 00:45:19+00:00,2014-11-22 13:30:00+00:00,300.7447222222222
NAA,2014-12-06 09:32:35+00:00,2014-12-06 09:51:24+00:00,0.3136111111111111
NB,2014-10-10 16:16:35+00:00,2014-10-19 11:00:00+00:00,210.7236111111111
NBA,2014-06-01 22:34:13+00:00,2014-06-01 22:43:00+00:00,0.1463888888888889
NC,2014-09-11 09:51:28+00:00,2014-09-11 14:58:59+00:00,5.125277777777778
NCA,2014-03-17 19:20:31+00:00,2015-01-28 14:37:56+00:00,7603.290277777778
ND,2013-12-02 20:33:43+00:00,2013-12-08 12:00:00+00:00,135.43805555555556
NDA,2014-01-30 11:06:08+00:00,2014-02-02 18:00:00+00:00,78.89777777777778
NE,2014-10-23 15:23:57+00:00,2014-10-23 15:39:00+00:00,0.25083333333333335
NEA,2014-03-15 07:41:08+00:00,2014-04-23 10:00:00+00:00,938.3144444444445
NF,2014-04-08 21:33:14+00:00,2014-04-27 10:15:00+00:00,444.6961111111111
NFA,2013-12-13 12:47:56+00:00,2013-12-13 14:01:51+00:00,1.2319444444444445
NG,2014-11-30 09:26:08+00:00,2014-11-30 10:29:00+00:00,1.0477777777777777
NGA,2014-06-16 23:17:11+00:00,2014-10-09 08:00:00+00:00,2744.7136111111113
NH,2014-05-15 10:06:35+00:00,2014-11-16 11:54:24+00:00,4441.796944444444
NHA,2014-09-14 11:19:00+00:00,2014-09-18 09:36:49+00:00,94.29694444444445
NI,2014-05-31 16:15:05+00:00,2014-07-06 01:03:10+00:00,848.8013888888889
NIA,2014-06-29 11:29:14+00:00,2014-07-14 08:33:21+00:00,357.0686111111111
NJ,2014-03-10 13:20:18+00:00,2014-06-15 10:16:41+00:00,2324.9397222222224
NJA,2014-05-25 13:21:48+00:00,2014-05-29 13:30:00+00:00,96.13666666666667
NK,2014-06-17 16:57:55+00:00,2014-06-24 11:30:00+00:00,162.53472222222223
NKA,2014-06-06 00:13:13+00:00,2014-06-10 10:00:00+00:00,105.77972222222222
NL,2014-09-19 10:44:39+00:00,2014-09-19 10:58:00+00:00,0.2225
NLA,2014-11-20 19:33:53+00:00,2014-11-20 20:16:00+00:00,0.7019444444444445
NM,2014-09-18 18:39:45+00:00,2014-12-31 21:01:03+00:00,2498.355
NMA,2014-03-15 15:29:31+00:00,2014-03-26 18:00:00+00:00,266.50805555555553
NN,2014-08-09 21:33:30+00:00,2014-08-13 09:00:00+00:00,83.44166666666666
NO,2014-05-14 16:29:12+00:00,2014-05-17 08:00:00+00:00,63.513333333333335
NP,2014-11-05 13:30:30+00:00,2015-02-06 06:48:44+00:00,2225.303888888889
NQ,2014-06-03 15:36:30+00:00,2014-06-03 16:07:00+00:00,0.5083333333333333
NR,2014-02-28 09:15:57+00:00,2014-03-06 19:10:10+00:00,153.9036111111111
NS,2014-11-02 15:20:22+00:00,2014-11-02 15:51:00+00:00,0.5105555555555555
NT,2014-09-09 10:47:54+00:00,2014-09-16 17:30:00+00:00,174.70166666666665
NU,2014-12-14 00:28:40+00:00,2014-12-25 10:00:00+00:00,273.52222222222224
NV,2015-02-22 23:17:41+00:00,2015-02-26 09:15:00+00:00,81.95527777777778
NW,2014-06-28 16:04:05+00:00,2014-07-06 08:30:00+00:00,184.43194444444444
NX,2014-10-06 16:16:13+00:00,2014-10-13 12:30:00+00:00,164.22972222222222
NY,2014-02-04 14:26:22+00:00,2014-02-04 17:41:48+00:00,3.257222222222222
NZ,2014-06-29 12:48:22+00:00,2014-09-05 14:55:20+00:00,1634.1161111111112
O,2014-10-11 20:29:02+00:00,2014-10-17 16:40:42+00:00,140.19444444444446
OA,2013-12-20 21:42:14+00:00,2013-12-21 13:00:00+00:00,15.296111111111111
OAA,2014-08-24 16:44:24+00:00,2014-09-07 09:00:00+00:00,328.26
OB,2014-12-05 08:39:50+00:00,2014-12-13 09:45:00+00:00,193.0861111111111
OBA,2014-10-07 13:32:12+00:00,2014-10-12 08:31:49+00:00,114.99361111111111
OC,2013-12-21 11:19:23+00:00,2014-08-30 11:58:30+00:00,6048.651944444445
OCA,2014-03-09 12:18:07+00:00,2014-03-09 13:04:00+00:00,0.7647222222222222
OD,2014-05-27 01:53:13+00:00,2014-07-01 19:00:00+00:00,857.1130555555555
ODA,2014-06-02 08:13:38+00:00,2014-06-12 08:15:00+00:00,240.02277777777778
OE,2014-06-10 16:34:30+00:00,2014-06-10 16:58:20+00:00,0.3972222222222222
OEA,2014-02-04 16:05:22+00:00,2014-08-09 14:41:48+00:00,4462.607222222222
OF,2014-04-09 09:43:42+00:00,2014-04-09 09:46:15+00:00,0.0425
OFA,2014-06-19 09:48:14+00:00,2014-06-19 14:54:50+00:00,5.11
OG,2014-07-13 11:00:23+00:00,2014-07-16 16:00:00+00:00,76.99361111111111
OGA,2014-11-09 11:47:42+00:00,2014-11-15 08:00:00+00:00,140.205
OH,2014-03-16 12:22:39+00:00,2014-05-09 17:50:00+00:00,1301.4558333333334
OHA,2014-01-04 11:36:41+00:00,2014-01-10 10:00:00+00:00,142.38861111111112
OI,2014-11-23 15:46:30+00:00,2014-11-23 16:29:00+00:00,0.7083333333333334
OIA,2014-04-21 13:16:39+00:00,2014-04-25 09:00:00+00:00,91.7225
OJ,2014-04-06 19:45:42+00:00,2014-04-14 09:00:00+00:00,181.23833333333334
OJA,2014-07-30 08:42:26+00:00,2014-07-30 09:57:43+00:00,1.2547222222222223
OK,2014-02-28 12:21:10+00:00,2014-03-12 19:36:23+00:00,295.2536111111111
OKA,2014-08-21 20:25:18+00:00,2014-08-25 09:27:18+00:00,85.03333333333333
OL,2014-01-01 15:00:59+00:00,2014-01-23 23:19:33+00:00,536.3094444444445
OLA,2014-09-10 14:08:09+00:00,2014-09-27 14:41:35+00:00,408.5572222222222
OM,2014-02-25 15:54:39+00:00,2014-05-08 08:44:13+00:00,1720.826111111111
OMA,2014-08-13 09:10:23+00:00,2014-11-18 06:54:36+00:00,2325.7369444444444
ON,2014-03-12 14:08:34+00:00,2014-03-17 10:30:00+00:00,116.35722222222222
OO,2014-11-22 16:24:12+00:00,2014-11-27 08:00:00+00:00,111.59666666666666
OP,2014-04-03 20:14:21+00:00,2014-04-03 21:32:21+00:00,1.3
OQ,2014-10-26 11:01:08+00:00,2014-10-28 13:00:00+00:00,49.98111111111111
OR,2014-04-12 12:53:43+00:00,2014-11-12 14:26:05+00:00,5137.539444444445
OS,2014-09-02 06:21:21+00:00,2014-12-14 08:00:02+00:00,2473.6447222222223
OT,2013-11-11 11:48:21+00:00,2013-11-22 13:25:53+00:00,265.62555555555554
OU,2014-11-17 15:41:16+00:00,2014-11-30 09:32:25+00:00,305.8525
OV,2014-10-04 20:38:43+00:00,2014-10-05 22:55:18+00:00,26.27638888888889
OW,2014-05-03 14:07:46+00:00,2014-05-10 10:00:00+00:00,163.87055555555557
OX,2014-04-29 08:54:06+00:00,2014-05-27 15:09:10+00:00,678.2511111111111
OY,2014-12-12 09:37:36+00:00,2014-12-19 17:30:00+00:00,175.87333333333333
OZ,2014-11-24 20:22:56+00:00,2014-11-25 05:00:00+00:00,8.617777777777778
P,2014-04-22 07:39:36+00:00,2014-04-22 09:01:16+00:00,1.3611111111111112
PA,2014-11-03 11:01:35+00:00,2014-11-03 11:20:00+00:00,0.30694444444444446
PAA,2014-09-13 01:12:19+00:00,2014-09-13 03:22:51+00:00,2.1755555555555555
PB,2015-01-17 18:51:42+00:00,2015-02-05 08:15:08+00:00,445.3905555555556
PBA,2014-04-27 13:01:49+00:00,2014-04-27 20:55:00+00:00,7.886388888888889
PC,2013-11-28 13:27:20+00:00,2013-11-28 14:34:00+00:00,1.1111111111111112
PCA,2013-11-21 17:39:52+00:00,2013-11-22 07:00:00+00:00,13.335555555555555
PD,2014-06-03 12:28:01+00:00,2014-06-03 14:45:00+00:00,2.2830555555555554
PDA,2014-09-22 13:53:41+00:00,2014-09-28 16:00:00+00:00,146.1052777777778
PE,2014-12-01 14:19:31+00:00,2014-12-01 15:45:00+00:00,1.4247222222222222
PEA,2014-07-05 12:30:34+00:00,2014-07-08 12:44:00+00:00,72.2238888888889
PF,2014-10-04 12:42:23+00:00,2014-10-10 19:00:00+00:00,150.29361111111112
PFA,2014-05-01 13:53:56+00:00,2014-05-07 11:00:00+00:00,141.10111111111112
PG,2014-10-13 09:34:02+00:00,2014-11-08 21:07:32+00:00,635.5583333333333
PGA,2014-08-26 23:15:11+00:00,2014-09-19 22:09:57+00:00,574.9127777777778
PH,2013-12-13 05:44:57+00:00,2013-12-13 06:36:35+00:00,0.8605555555555555
PHA,2014-03-21 14:14:58+00:00,2014-03-21 17:30:20+00:00,3.256111111111111
PI,2014-05-03 20:44:44+00:00,2014-05-06 15:00:00+00:00,66.25444444444445
PIA,2014-03-28 20:34:09+00:00,2014-08-20 11:56:05+00:00,3471.3655555555556
PJ,2014-03-02 19:48:23+00:00,2014-03-08 15:20:00+00:00,139.52694444444444
PJA,2014-02-16 09:01:12+00:00,2014-02-16 09:45:00+00:00,0.73
PK,2014-12-25 19:04:56+00:00,2015-03-21 20:00:41+00:00,2064.929166666667
PKA,2014-05-07 00:37:26+00:00,2014-11-03 06:03:00+00:00,4325.426111111111
PL,2014-05-08 10:14:59+00:00,2014-05-08 10:42:37+00:00,0.46055555555555555
PLA,2014-04-10 16:44:36+00:00,2014-04-26 08:29:07+00:00,375.74194444444447
PM,2014-07-27 08:07:07+00:00,2014-07-27 09:03:41+00:00,0.9427777777777778
PMA,2013-11-21 15:47:34+00:00,2013-11-25 10:00:00+00:00,90.20722222222223
PN,2014-03-08 07:00:00+00:00,2014-03-08 13:48:00+00:00,6.8
PO,2014-09-30 14:17:14+00:00,2014-10-04 09:15:00+00:00,90.96277777777777
PP,2014-03-06 22:29:07+00:00,2014-03-06 22:37:00+00:00,0.1313888888888889
PQ,2014-02-26 08:26:08+00:00,2014-02-28 18:30:00+00:00,58.06444444444445
PR,2015-01-10 23:32:15+00:00,2015-02-06 09:00:00+00:00,633.4625
PS,2014-06-17 07:46:27+00:00,2014-06-20 08:00:00+00:00,72.22583333333333
PT,2014-06-26 04:41:38+00:00,2014-06-30 12:00:00+00:00,103.30611111111111
PU,2014-12-14 10:28:39+00:00,2015-01-19 08:39:00+00:00,862.1725
PV,2015-02-14 04:11:11+00:00,2015-04-01 12:51:36+00:00,1112.673611111111
PW,2014-10-12 18:32:12+00:00,2014-10-19 13:00:00+00:00,162.46333333333334
PX,2014-06-18 20:03:49+00:00,2014-06-18 20:57:00+00:00,0.8863888888888889
PY,2014-05-10 13:47:28+00:00,2014-05-10 17:18:37+00:00,3.5191666666666666
PZ,2014-04-28 09:46:09+00:00,2014-05-19 09:06:45+00:00,503.3433333333333
Q,2013-12-15 13:17:05+00:00,2013-12-15 13:19:07+00:00,0.03388888888888889
QA,2014-12-23 18:53:47+00:00,2014-12-30 09:10:00+00:00,158.27027777777778
QAA,2014-09-01 13:31:42+00:00,2014-09-08 10:00:00+00:00,164.47166666666666
QB,2014-10-24 08:23:20+00:00,2014-11-12 12:20:15+00:00,459.9486111111111
QBA,2014-05-25 18:18:33+00:00,2014-06-03 08:00:00+00:00,205.69083333333333
QC,2015-01-21 16:57:22+00:00,2015-02-01 12:00:00+00:00,259.0438888888889
QCA,2014-08-01 15:48:47+00:00,2014-08-05 11:00:00+00:00,91.18694444444445
QD,2014-10-11 20:29:47+00:00,2014-10-16 19:30:00+00:00,119.00361111111111
QDA,2014-07-13 09:56:47+00:00,2014-11-07 07:07:33+00:00,2805.1794444444445
QE,2014-10-08 10:06:40+00:00,2014-12-25 14:44:03+00:00,1876.6230555555555
QEA,2014-06-22 22:04:11+00:00,2014-06-22 23:21:00+00:00,1.2802777777777778
QF,2014-08-24 13:39:41+00:00,2015-01-17 09:03:53+00:00,3499.403333333333
QFA,2014-01-16 15:31:27+00:00,2014-01-17 04:50:00+00:00,13.309166666666666
QG,2014-12-02 22:32:42+00:00,2014-12-16 09:31:39+00:00,322.9825
QGA,2014-10-08 11:34:29+00:00,2014-10-08 17:28:35+00:00,5.901666666666666
QH,2015-02-10 09:20:34+00:00,2015-02-11 23:47:00+00:00,38.440555555555555
QHA,2014-04-09 06:27:13+00:00,2014-04-13 08:30:00+00:00,98.04638888888888
QI,2014-11-22 01:37:20+00:00,2014-11-25 11:45:00+00:00,82.12777777777778
QIA,2014-06-22 08:47:48+00:00,2014-07-09 09:12:56+00:00,408.4188888888889
QJ,2014-02-14 11:43:08+00:00,2014-02-20 09:30:00+00:00,141.7811111111111
QJA,2014-05-10 00:35:56+00:00,2014-05-10 10:00:00+00:00,9.401111111111112
QK,2015-02-26 08:00:00+00:00,2015-03-07 10:00:00+00:00,218.0
QKA,2013-11-16 08:13:30+00:00,2014-01-29 00:37:26+00:00,1768.398888888889
QL,2014-11-15 09:56:38+00:00,2014-11-15 10:05:00+00:00,0.13944444444444445
QLA,2014-04-22 08:14:07+00:00,2014-04-22 09:46:05+00:00,1.5327777777777778
QM,2014-01-06 15:21:55+00:00,2014-01-10 11:00:00+00:00,91.63472222222222
QMA,2014-08-21 17:51:04+00:00,2014-08-31 08:30:00+00:00,230.64888888888888
QN,2014-01-15 17:21:38+00:00,2014-01-24 09:00:00+00:00,207.63944444444445
QO,2014-06-27 12:15:01+00:00,2014-10-24 14:17:14+00:00,2858.0369444444445
QP,2014-12-17 19:45:37+00:00,2015-01-02 09:15:00+00:00,373.4897222222222
QQ,2014-07-07 15:08:31+00:00,2014-07-11 08:00:00+00:00,88.85805555555555
QR,2014-08-27 13:20:09+00:00,2014-08-27 13:33:00+00:00,0.21416666666666667
QS,2014-11-10 15:42:41+00:00,2014-11-11 17:00:00+00:00,25.288611111111113
QT,2014-05-29 17:57:27+00:00,2014-05-30 06:00:00+00:00,12.0425
QU,2015-02-05 23:39:42+00:00,2015-04-09 11:08:07+00:00,1499.473611111111
QV,2014-11-27 19:01:45+00:00,2014-11-27 23:45:34+00:00,4.730277777777777
QW,2014-08-12 23:58:09+00:00,2015-05-09 21:01:47+00:00,6477.060555555556
QX,2014-08-27 11:24:10+00:00,2014-09-08 08:45:00+00:00,285.34722222222223
QY,2014-09-08 13:26:08+00:00,2014-09-16 08:30:00+00:00,187.06444444444443
QZ,2014-04-07 15:14:33+00:00,2014-04-13 10:45:00+00:00,139.5075
R,2014-11-30 11:38:16+00:00,2014-11-30 11:45:00+00:00,0.11222222222222222
RA,2014-10-07 12:52:25+00:00,2014-10-07 13:38:32+00:00,0.7686111111111111
RAA,2014-11-24 10:11:07+00:00,2014-12-04 08:30:00+00:00,238.31472222222223
RB,2014-04-22 08:21:51+00:00,2014-04-25 12:30:00+00:00,76.13583333333334
RBA,2014-08-04 06:19:22+00:00,2014-08-07 10:15:00+00:00,75.92722222222223
RC,2014-10-30 14:57:15+00:00,2014-11-08 13:57:00+00:00,214.99583333333334
RCA,2014-06-25 19:48:49+00:00,2015-03-08 10:09:52+00:00,6134.350833333333
RD,2014-04-07 19:23:26+00:00,2014-04-07 23:36:24+00:00,4.216111111111111
RDA,2013-12-24 16:45:59+00:00,2013-12-24 18:23:29+00:00,1.625
RE,2014-01-06 10:18:20+00:00,2014-01-06 10:45:41+00:00,0.4558333333333333
REA,2014-09-07 13:00:07+00:00,2014-09-07 13:26:00+00:00,0.4313888888888889
RF,2014-06-19 17:33:32+00:00,2014-06-19 21:27:50+00:00,3.905
RFA,2014-05-09 03:50:20+00:00,2014-05-10 07:15:00+00:00,27.41111111111111
RG,2014-10-14 13:29:38+00:00,2015-01-12 18:35:57+00:00,2165.1052777777777
RGA,2014-06-18 17:35:37+00:00,2014-06-23 08:00:00+00:00,110.40638888888888
RH,2014-09-01 22:47:44+00:00,2014-09-02 10:00:00+00:00,11.204444444444444
RHA,2014-04-04 14:14:41+00:00,2014-04-06 09:00:00+00:00,42.75527777777778
RI,2014-09-20 22:37:57+00:00,2014-10-01 07:46:43+00:00,249.1461111111111
RIA,2015-02-03 19:26:28+00:00,2015-02-05 14:30:00+00:00,43.05888888888889
RJ,2014-08-09 04:12:38+00:00,2014-08-09 09:00:00+00:00,4.789444444444444
RJA,2014-06-26 15:25:46+00:00,2014-06-26 19:03:39+00:00,3.631388888888889
RK,2014-08-06 12:08:20+00:00,2014-08-13 08:00:00+00:00,163.86111111111111
RKA,2014-09-24 19:27:33+00:00,2014-09-25 18:00:00+00:00,22.54083333333333
RL,2013-12-02 14:31:26+00:00,2013-12-06 14:15:00+00:00,95.72611111111111
RLA,2014-05-27 07:44:26+00:00,2014-06-24 09:42:16+00:00,673.9638888888888
RM,2014-04-16 13:34:56+00:00,2014-04-17 17:00:00+00:00,27.41777777777778
RN,2014-08-25 11:59:52+00:00,2014-09-10 03:00:00+00:00,375.0022222222222
RO,2015-01-16 22:13:40+00:00,2015-01-17 19:07:00+00:00,20.88888888888889
RP,2014-05-15 17:12:10+00:00,2014-05-19 09:00:00+00:00,87.79722222222222
RQ,2014-01-01 09:21:13+00:00,2014-01-01 09:44:00+00:00,0.37972222222222224
RR,2014-01-26 09:30:00+00:00,2014-02-07 15:54:05+00:00,294.4013888888889
RS,2014-05-05 14:34:45+00:00,2014-05-06 06:35:00+00:00,16.004166666666666
RT,2014-08-27 18:36:23+00:00,2014-12-04 17:43:34+00:00,2375.119722222222
RU,2014-06-16 13:02:00+00:00,2014-06-29 08:30:00+00:00,307.46666666666664
RV,2014-10-14 21:06:51+00:00,2014-10-14 21:28:35+00:00,0.3622222222222222
RW,2014-11-15 15:48:51+00:00,2014-11-24 11:00:00+00:00,211.18583333333333
RX,2014-07-24 06:49:49+00:00,2014-07-24 07:09:00+00:00,0.31972222222222224
RY,2014-01-12 08:34:00+00:00,2014-01-17 13:00:00+00:00,124.43333333333334
RZ,2014-08-08 10:59:25+00:00,2014-08-14 12:35:00+00:00,145.59305555555557
S,2014-01-21 11:16:14+00:00,2014-08-30 12:54:18+00:00,5305.634444444445
SA,2014-01-17 14:17:50+00:00,2014-04-11 16:34:31+00:00,2018.2780555555555
SAA,2014-01-15 07:43:50+00:00,2014-02-06 09:00:00+00:00,529.2694444444444
SB,2014-05-01 08:17:37+00:00,2014-08-16 04:04:26+00:00,2563.780277777778
SBA,2014-10-07 21:13:44+00:00,2014-10-13 08:30:00+00:00,131.2711111111111
SC,2014-09-13 22:01:52+00:00,2014-09-14 06:00:00+00:00,7.9688888888888885
SCA,2014-01-27 19:51:17+00:00,2014-02-23 09:41:36+00:00,637.8386111111112
SD,2014-10-27 09:09:46+00:00,2014-11-01 13:00:00+00:00,123.83722222222222
SDA,2014-09-01 11:45:33+00:00,2014-09-09 12:00:00+00:00,192.24083333333334
SE,2014-10-11 18:15:50+00:00,2014-10-16 09:50:00+00:00,111.56944444444444
SEA,2013-12-07 17:57:27+00:00,2014-01-26 00:05:26+00:00,1182.1330555555555
SF,2014-12-31 00:55:56+00:00,2015-02-18 21:05:56+00:00,1196.1666666666667
SFA,2014-02-25 12:03:05+00:00,2014-05-04 03:50:20+00:00,1623.7875
SG,2014-03-09 12:13:42+00:00,2014-03-09 13:52:53+00:00,1.6530555555555555
SGA,2013-11-16 03:07:53+00:00,2013-11-17 01:00:00+00:00,21.86861111111111
SH,2014-08-12 14:49:08+00:00,2014-09-18 12:29:07+00:00,885.6663888888888
SHA,2014-01-30 21:51:14+00:00,2014-02-04 15:20:00+00:00,113.47944444444444
SI,2014-04-10 21:41:04+00:00,2014-04-18 18:00:00+00:00,188.31555555555556
SIA,2014-05-20 08:26:31+00:00,2014-05-20 09:05:00+00:00,0.6413888888888889
SJ,2014-08-27 10:07:52+00:00,2014-10-17 12:33:00+00:00,1226.418888888889
SJA,2014-05-25 17:02:22+00:00,2014-06-05 09:08:57+00:00,256.1097222222222
SK,2014-02-17 10:20:51+00:00,2014-03-20 16:49:33+00:00,750.4783333333334
SKA,2014-01-27 16:09:40+00:00,2014-01-27 16:27:03+00:00,0.2897222222222222
SL,2014-05-02 09:31:21+00:00,2014-08-03 05:57:26+00:00,2228.4347222222223
SLA,2014-11-05 15:10:19+00:00,2014-11-19 09:30:00+00:00,330.3280555555556
SM,2013-12-23 00:38:08+00:00,2014-01-29 10:03:20+00:00,897.42
SMA,2014-03-31 09:30:49+00:00,2014-04-06 14:00:00+00:00,148.48638888888888
SN,2014-07-13 13:09:48+00:00,2014-07-13 18:01:35+00:00,4.8630555555555555
SO,2014-09-16 03:05:55+00:00,2014-10-02 15:05:16+00:00,395.9891666666667
SP,2014-06-03 12:14:49+00:00,2014-06-03 12:33:04+00:00,0.30416666666666664
SQ,2014-03-12 07:45:10+00:00,2014-03-13 20:45:00+00:00,36.99722222222222
SR,2014-02-05 22:30:03+00:00,2014-02-11 09:00:00+00:00,130.49916666666667
SS,2013-11-30 17:07:22+00:00,2014-01-15 14:34:45+00:00,1101.4563888888888
ST,2014-07-31 12:13:23+00:00,2014-11-23 18:36:23+00:00,2766.383333333333
SU,2014-09-02 16:49:35+00:00,2014-09-02 21:08:14+00:00,4.310833333333333
SV,2014-08-17 07:25:13+00:00,2014-08-18 08:30:00+00:00,25.079722222222223
SW,2014-08-26 12:49:17+00:00,2014-09-01 17:00:00+00:00,148.1786111111111
SX,2014-08-18 17:29:33+00:00,2014-08-25 11:15:00+00:00,161.7575
SY,2014-05-13 16:14:11+00:00,2014-06-21 23:25:11+00:00,943.1833333333333
SZ,2015-01-23 16:20:06+00:00,2015-01-24 17:02:07+00:00,24.700277777777778
T,2014-10-06 20:24:16+00:00,2014-10-09 02:00:00+00:00,53.595555555555556
TA,2014-08-09 20:23:04+00:00,2014-08-12 18:00:00+00:00,69.61555555555556
TAA,2014-08-01 19:44:05+00:00,2014-08-13 11:00:00+00:00,279.2652777777778
TB,2014-09-11 07:33:19+00:00,2015-02-24 11:54:09+00:00,3988.347222222222
TBA,2014-05-08 02:31:11+00:00,2014-05-11 08:00:00+00:00,77.48027777777777
TC,2014-01-17 09:50:43+00:00,2014-06-27 22:01:52+00:00,3876.1858333333334
TCA,2014-10-10 17:06:34+00:00,2014-11-12 16:40:10+00:00,791.56
TD,2014-11-09 19:47:29+00:00,2014-11-19 18:15:00+00:00,238.4586111111111
TDA,2014-05-11 19:45:46+00:00,2014-05-14 14:00:00+00:00,66.23722222222223
TE,2015-01-06 07:39:52+00:00,2015-01-06 07:56:15+00:00,0.27305555555555555
TEA,2014-07-05 14:59:31+00:00,2014-07-09 16:00:00+00:00,97.00805555555556
TF,2014-01-26 19:10:11+00:00,2014-02-05 09:11:00+00:00,230.01361111111112
TFA,2014-02-16 01:39:13+00:00,2014-02-16 01:45:07+00:00,0.09833333333333333
TG,2015-01-14 17:14:21+00:00,2015-01-17 08:30:00+00:00,63.26083333333333
TGA,2014-03-14 07:18:19+00:00,2014-03-25 15:59:00+00:00,272.67805555555555
TH,2014-09-07 01:23:50+00:00,2014-09-09 12:00:00+00:00,58.602777777777774
THA,2014-01-09 15:24:38+00:00,2014-01-14 10:30:00+00:00,115.08944444444444
TI,2015-01-29 13:34:58+00:00,2015-02-27 09:30:00+00:00,691.9172222222222
TIA,2014-05-29 11:16:57+00:00,2014-06-07 09:00:00+00:00,213.7175
TJ,2014-03-02 11:00:00+00:00,2014-03-19 23:48:32+00:00,420.8088888888889
TJA,2014-07-23 07:34:41+00:00,2014-08-09 08:00:00+00:00,408.4219444444444
TK,2014-09-07 12:28:58+00:00,2014-09-07 13:45:00+00:00,1.2672222222222222
TKA,2014-06-11 19:00:18+00:00,2014-06-15 18:00:00+00:00,94.995
TL,2014-07-17 09:53:32+00:00,2014-07-22 14:00:00+00:00,124.10777777777778
TLA,2014-07-26 13:25:25+00:00,2014-07-26 17:20:58+00:00,3.9258333333333333
TM,2014-01-31 22:28:40+00:00,2014-02-01 22:44:23+00:00,24.261944444444445
TMA,2014-01-15 08:52:19+00:00,2014-01-17 16:30:00+00:00,55.628055555555555
TN,2014-10-27 21:24:49+00:00,2014-11-14 09:00:00+00:00,419.5863888888889
TO,2014-02-23 10:42:49+00:00,2014-04-12 17:26:10+00:00,1158.7225
TP,2014-06-04 11:37:32+00:00,2014-06-09 08:00:00+00:00,116.37444444444445
TQ,2014-03-13 18:57:13+00:00,2014-04-08 13:57:34+00:00,619.0058333333334
TR,2014-04-02 06:03:30+00:00,2014-04-02 14:15:00+00:00,8.191666666666666
TS,2014-04-22 22:29:35+00:00,2014-05-01 09:00:00+00:00,202.50694444444446
TT,2014-08-05 15:03:03+00:00,2014-08-05 15:34:00+00:00,0.5158333333333334
TU,2014-01-04 13:45:49+00:00,2014-01-22 12:30:00+00:00,430.7363888888889
TV,2014-07-23 05:48:02+00:00,2014-08-18 07:25:13+00:00,625.6197222222222
TW,2014-07-07 18:30:35+00:00,2014-09-27 10:54:30+00:00,1960.3986111111112
TX,2014-11-27 18:23:59+00:00,2015-04-02 09:33:25+00:00,3015.157222222222
TY,2014-10-04 16:52:39+00:00,2014-10-04 17:37:26+00:00,0.7463888888888889
TZ,2014-07-03 08:42:50+00:00,2014-07-03 10:57:00+00:00,2.236111111111111
U,2014-04-29 18:38:23+00:00,2014-05-01 17:10:00+00:00,46.526944444444446
UA,2014-03-23 07:19:14+00:00,2014-03-28 08:00:00+00:00,120.67944444444444
UAA,2015-02-19 23:01:01+00:00,2015-02-19 23:33:00+00:00,0.5330555555555555
UB,2014-07-20 10:27:47+00:00,2014-07-20 13:43:53+00:00,3.2683333333333335
UBA,2014-05-08 09:58:15+00:00,2015-05-30 09:14:55+00:00,9287.277777777777
UC,2014-02-26 14:04:17+00:00,2014-04-26 09:50:43+00:00,1411.773888888889
UCA,2014-08-11 07:46:45+00:00,2014-08-11 08:31:00+00:00,0.7375
UD,2014-08-01 13:56:11+00:00,2014-09-24 13:11:02+00:00,1295.2475
UDA,2014-06-22 08:53:00+00:00,2014-07-04 12:30:00+00:00,291.6166666666667
UE,2014-05-23 18:22:19+00:00,2014-05-30 08:20:00+00:00,157.96138888888888
UEA,2014-09-07 15:23:45+00:00,2014-09-07 15:43:03+00:00,0.32166666666666666
UF,2014-11-02 15:15:46+00:00,2014-11-12 09:00:00+00:00,233.73722222222221
UFA,2014-02-04 07:59:25+00:00,2014-02-04 11:31:20+00:00,3.5319444444444446
UG,2013-12-09 15:46:01+00:00,2013-12-09 18:25:23+00:00,2.656111111111111
UGA,2015-02-07 12:18:16+00:00,2015-02-13 19:00:00+00:00,150.69555555555556
UH,2014-12-14 21:41:23+00:00,2014-12-14 21:50:30+00:00,0.15194444444444444
UHA,2014-08-15 10:26:01+00:00,2014-08-15 10:44:00+00:00,0.2997222222222222
UI,2015-01-16 21:24:35+00:00,2015-01-20 11:38:00+00:00,86.22361111111111
UIA,2014-08-30 15:57:10+00:00,2014-09-03 07:00:00+00:00,87.04722222222222
UJ,2014-10-16 17:48:50+00:00,2014-12-18 22:42:59+00:00,1516.9025
UJA,2014-09-22 07:51:14+00:00,2014-09-22 08:16:00+00:00,0.4127777777777778
UK,2014-06-24 17:58:16+00:00,2014-10-25 13:51:44+00:00,2947.891111111111
UKA,2014-09-15 12:04:09+00:00,2014-09-24 09:00:00+00:00,212.93083333333334
UL,2014-03-20 12:42:34+00:00,2014-03-20 13:07:16+00:00,0.4116666666666667
ULA,2013-11-12 17:52:04+00:00,2013-11-20 10:00:00+00:00,184.13222222222223
UM,2014-09-25 08:28:26+00:00,2014-09-25 09:38:51+00:00,1.1736111111111112
UMA,2014-06-08 10:06:00+00:00,2014-06-12 12:00:00+00:00,97.9
UN,2014-06-29 11:28:45+00:00,2014-06-29 11:53:00+00:00,0.4041666666666667
UO,2015-02-19 17:15:45+00:00,2015-02-19 19:15:43+00:00,1.9994444444444444
UP,2014-05-16 08:01:26+00:00,2014-05-18 17:00:00+00:00,56.97611111111111
UQ,2013-11-27 19:32:23+00:00,2014-03-25 13:28:59+00:00,2825.943333333333
UR,2014-04-03 14:25:22+00:00,2014-04-11 07:30:00+00:00,185.07722222222222
US,2014-02-01 18:10:09+00:00,2014-02-06 13:30:00+00:00,115.33083333333333
UT,2014-08-03 00:34:33+00:00,2014-08-06 08:00:00+00:00,79.42416666666666
UU,2014-05-07 08:51:00+00:00,2014-05-10 14:00:00+00:00,77.15
UV,2014-04-09 16:57:47+00:00,2014-06-26 22:00:47+00:00,1877.05
UW,2014-11-17 05:31:00+00:00,2015-06-04 05:43:36+00:00,4776.21
UX,2013-12-21 12:41:21+00:00,2013-12-21 13:04:03+00:00,0.37833333333333335
UY,2014-10-16 13:12:24+00:00,2014-10-16 18:26:00+00:00,5.226666666666667
UZ,2014-01-23 15:31:51+00:00,2014-01-29 19:15:00+00:00,147.71916666666667
V,2014-10-28 19:44:26+00:00,2015-01-19 07:55:06+00:00,1980.1777777777777
VA,2014-10-09 17:00:29+00:00,2014-10-15 08:30:00+00:00,135.49194444444444
VAA,2014-02-05 13:09:05+00:00,2015-04-03 08:55:52+00:00,10123.779722222222
VB,2015-02-15 16:07:29+00:00,2015-05-05 14:12:17+00:00,1894.08
VBA,2014-05-20 11:53:55+00:00,2014-05-20 12:28:56+00:00,0.5836111111111111
VC,2014-12-15 07:31:52+00:00,2014-12-19 11:00:00+00:00,99.46888888888888
VCA,2014-05-14 21:42:35+00:00,2014-11-18 14:09:22+00:00,4504.446388888889
VD,2015-01-05 21:09:57+00:00,2015-01-08 09:00:00+00:00,59.83416666666667
VDA,2014-09-08 16:10:39+00:00,2014-10-12 09:09:57+00:00,808.9883333333333
VE,2014-11-11 18:48:42+00:00,2014-11-15 12:00:00+00:00,89.18833333333333
VEA,2014-09-10 14:42:37+00:00,2014-09-10 17:37:30+00:00,2.914722222222222
VF,2014-05-26 19:12:31+00:00,2014-05-30 08:00:00+00:00,84.79138888888889
VFA,2014-10-31 09:54:45+00:00,2014-11-11 08:45:00+00:00,262.8375
VG,2013-11-24 13:56:22+00:00,2013-12-11 14:35:26+00:00,408.6511111111111
VGA,2014-02-21 10:29:36+00:00,2014-02-21 12:28:26+00:00,1.9805555555555556
VH,2014-07-11 18:51:00+00:00,2014-07-11 19:21:00+00:00,0.5
VHA,2014-02-01 16:00:00+00:00,2014-02-01 16:21:00+00:00,0.35
VI,2014-09-29 22:48:57+00:00,2014-11-13 15:24:22+00:00,1072.5902777777778
VIA,2013-11-17 00:36:12+00:00,2013-12-13 13:00:00+00:00,636.3966666666666
VJ,2014-03-22 20:41:37+00:00,2014-03-28 09:00:00+00:00,132.30638888888888
VJA,2014-10-21 14:36:58+00:00,2014-10-21 14:54:55+00:00,0.2991666666666667
VK,2014-10-29 12:04:12+00:00,2014-11-13 09:30:00+00:00,357.43
VKA,2014-12-26 21:53:09+00:00,2015-01-03 14:59:01+00:00,185.09777777777776
VL,2014-05-30 03:09:54+00:00,2014-06-02 17:00:00+00:00,85.835
VLA,2014-01-07 10:14:54+00:00,2014-01-07 11:11:00+00:00,0.935
VM,2014-08-07 12:53:07+00:00,2014-08-11 10:00:00+00:00,93.11472222222223
VMA,2014-06-20 16:19:57+00:00,2014-06-20 16:28:18+00:00,0.13916666666666666
VN,2014-07-01 11:06:37+00:00,2015-04-06 18:41:35+00:00,6703.582777777778
VO,2014-02-23 15:48:37+00:00,2014-03-11 13:57:26+00:00,382.14694444444444
VP,2014-01-09 12:37:53+00:00,2014-01-12 12:00:00+00:00,71.36861111111111
VQ,2014-04-11 11:50:54+00:00,2014-04-17 09:00:00+00:00,141.15166666666667
VR,2013-12-07 13:11:35+00:00,2014-03-27 14:25:22+00:00,2641.2297222222223
VS,2013-11-23 08:15:19+00:00,2013-11-28 13:00:00+00:00,124.74472222222222
VT,2014-03-30 16:14:53+00:00,2014-04-15 08:00:00+00:00,375.75194444444446
VU,2014-01-05 02:50:12+00:00,2014-01-09 09:00:00+00:00,102.16333333333333
VV,2014-10-23 13:33:17+00:00,2014-10-23 14:41:00+00:00,1.128611111111111
VW,2014-09-05 03:38:03+00:00,2014-11-02 17:51:44+00:00,1406.2280555555556
VX,2014-01-29 15:19:33+00:00,2014-01-29 15:35:00+00:00,0.2575
VY,2014-09-12 21:10:39+00:00,2014-09-21 11:30:00+00:00,206.3225
VZ,2014-06-07 13:53:30+00:00,2014-06-07 18:10:00+00:00,4.275
W,2014-11-11 15:52:36+00:00,2014-11-15 10:00:00+00:00,90.12333333333333
WA,2014-09-28 14:35:41+00:00,2014-10-11 14:13:13+00:00,311.62555555555554
WAA,2014-08-09 14:06:47+00:00,2014-08-13 17:00:00+00:00,98.88694444444444
WB,2014-11-01 13:32:49+00:00,2014-11-01 14:22:00+00:00,0.8197222222222222
WBA,2015-02-09 17:38:57+00:00,2015-02-14 11:15:00+00:00,113.60083333333333
WC,2014-04-28 09:20:41+00:00,2014-05-08 17:20:37+00:00,247.9988888888889
WCA,2014-04-24 08:02:14+00:00,2014-04-28 13:00:00+00:00,100.96277777777777
WD,2014-11-11 14:26:44+00:00,2014-11-11 16:12:29+00:00,1.7625
WDA,2014-08-21 05:26:45+00:00,2014-09-02 11:00:00+00:00,293.5541666666667
WE,2014-04-21 10:35:46+00:00,2014-09-30 19:59:52+00:00,3897.4016666666666
WEA,2013-11-09 11:04:54+00:00,2013-11-09 14:04:41+00:00,2.9963888888888888
WF,2013-12-27 17:20:00+00:00,2014-02-14 19:12:31+00:00,1177.8752777777777
WFA,2014-10-25 21:18:17+00:00,2014-12-04 10:23:05+00:00,949.08
WG,2014-12-24 05:12:18+00:00,2014-12-29 17:00:00+00:00,131.795
WGA,2014-08-14 16:17:48+00:00,2014-11-30 23:19:04+00:00,2599.021111111111
WH,2014-04-01 09:50:17+00:00,2014-04-01 10:01:00+00:00,0.1786111111111111
WHA,2014-06-29 17:32:05+00:00,2014-07-03 12:00:00+00:00,90.46527777777777
WI,2014-12-01 09:06:49+00:00,2015-03-30 11:32:16+00:00,2858.4241666666667
WIA,2014-12-06 13:23:28+00:00,2014-12-06 13:48:03+00:00,0.4097222222222222
WJA,2014-06-21 14:23:11+00:00,2014-07-05 08:30:00+00:00,330.1136111111111
WK,2014-10-07 08:20:00+00:00,2014-10-12 12:00:00+00:00,123.66666666666667
WKA,2015-02-18 22:34:04+00:00,2015-02-21 06:50:00+00:00,56.26555555555556
WL,2014-06-16 09:46:00+00:00,2014-06-23 12:00:00+00:00,170.23333333333332
WLA,2014-01-04 10:47:14+00:00,2014-02-23 10:33:00+00:00,1199.7627777777777
WM,2014-11-26 20:18:25+00:00,2014-12-12 10:13:48+00:00,373.92305555555555
WMA,2014-04-17 13:29:26+00:00,2014-04-17 14:46:00+00:00,1.2761111111111112
WN,2014-06-13 08:02:28+00:00,2014-12-12 12:48:23+00:00,4372.765277777778
WO,2014-10-14 09:10:02+00:00,2015-01-19 12:28:01+00:00,2331.299722222222
WP,2014-08-01 11:27:23+00:00,2014-08-05 12:00:00+00:00,96.5436111111111
WQ,2014-10-23 21:51:07+00:00,2014-12-02 10:45:37+00:00,948.9083333333333
WR,2014-08-28 15:41:00+00:00,2014-09-05 09:15:00+00:00,185.56666666666666
WS,2015-01-23 11:57:03+00:00,2015-01-23 12:27:00+00:00,0.49916666666666665
WT,2014-08-11 01:46:56+00:00,2014-08-26 13:58:28+00:00,372.1922222222222
WU,2014-10-01 18:31:26+00:00,2014-10-12 12:10:00+00:00,257.6427777777778
WV,2014-02-07 11:08:34+00:00,2014-02-11 06:30:00+00:00,91.35722222222222
WW,2014-04-17 11:42:21+00:00,2014-04-27 06:49:23+00:00,235.1172222222222
WX,2014-05-10 20:41:42+00:00,2014-05-11 21:25:21+00:00,24.7275
WY,2014-09-13 20:32:57+00:00,2014-09-13 21:06:50+00:00,0.5647222222222222
WZ,2014-09-15 17:19:43+00:00,2014-11-17 16:07:00+00:00,1510.7880555555555
X,2014-10-04 01:41:22+00:00,2015-05-09 08:52:02+00:00,5215.177777777778
XA,2014-04-12 13:18:52+00:00,2014-04-12 13:28:16+00:00,0.15666666666666668
XAA,2014-04-12 09:08:02+00:00,2014-04-16 13:30:00+00:00,100.36611111111111
XB,2014-10-21 09:34:38+00:00,2014-10-22 22:30:00+00:00,36.922777777777775
XBA,2014-04-28 19:27:56+00:00,2014-06-26 16:10:41+00:00,1412.7125
XC,2014-02-23 14:42:28+00:00,2014-02-23 15:03:00+00:00,0.3422222222222222
XCA,2014-09-16 04:17:55+00:00,2014-10-07 13:51:11+00:00,513.5544444444445
XD,2014-08-20 11:28:09+00:00,2014-08-25 12:30:00+00:00,121.03083333333333
XDA,2015-01-11 14:42:30+00:00,2015-01-11 15:25:00+00:00,0.7083333333333334
XE,2014-04-03 09:27:25+00:00,2014-04-03 09:48:00+00:00,0.34305555555555556
XEA,2014-10-30 22:44:52+00:00,2014-11-02 16:00:00+00:00,65.25222222222222
XF,2015-01-09 17:27:18+00:00,2015-01-13 08:30:00+00:00,87.045
XFA,2013-12-02 17:27:53+00:00,2014-06-29 06:38:32+00:00,5005.1775
XG,2014-03-03 22:30:42+00:00,2014-03-04 01:00:00+00:00,2.4883333333333333
XGA,2014-03-12 02:02:41+00:00,2014-04-26 10:45:31+00:00,1088.713888888889
XH,2014-03-17 11:51:43+00:00,2014-03-28 08:30:00+00:00,260.6380555555556
XHA,2014-05-16 20:25:01+00:00,2014-05-17 05:00:00+00:00,8.583055555555555
XI,2013-12-29 11:28:10+00:00,2014-01-21 20:02:44+00:00,560.5761111111111
XIA,2014-05-24 16:37:14+00:00,2014-05-24 17:05:00+00:00,0.4627777777777778
XJ,2013-11-07 07:18:29+00:00,2013-12-11 10:02:20+00:00,818.7308333333333
XJA,2013-12-25 17:45:10+00:00,2014-01-07 09:00:00+00:00,303.2472222222222
XK,2014-05-15 08:41:55+00:00,2014-05-15 09:16:00+00:00,0.5680555555555555
XKA,2014-05-25 13:41:21+00:00,2014-11-10 22:34:04+00:00,4064.8786111111112
XL,2014-11-23 10:00:05+00:00,2015-02-01 08:45:17+00:00,1678.7533333333333
XLA,2015-01-03 10:53:29+00:00,2015-01-03 13:47:21+00:00,2.897777777777778
XM,2014-10-21 16:28:08+00:00,2014-11-13 20:18:25+00:00,555.8380555555556
XMA,2014-05-17 22:13:33+00:00,2014-05-17 22:26:56+00:00,0.22305555555555556
XN,2014-01-13 23:18:41+00:00,2014-01-18 09:58:31+00:00,106.66388888888889
XO,2014-10-05 15:02:37+00:00,2014-10-07 04:30:00+00:00,37.45638888888889
XP,2014-03-29 15:34:08+00:00,2014-04-01 09:00:00+00:00,65.43111111111111
XQ,2014-12-29 14:18:06+00:00,2015-03-15 14:40:57+00:00,1824.3808333333334
XR,2014-12-28 14:29:32+00:00,2014-12-28 16:45:03+00:00,2.258611111111111
XS,2014-08-30 09:59:23+00:00,2015-01-15 11:57:03+00:00,3313.961111111111
XT,2014-07-08 21:19:10+00:00,2014-07-18 20:42:25+00:00,239.3875
XU,2014-05-10 08:04:12+00:00,2014-05-10 10:00:54+00:00,1.945
XV,2014-04-16 10:23:42+00:00,2014-04-16 13:45:09+00:00,3.3575
XW,2014-05-02 17:51:52+00:00,2014-05-09 11:08:49+00:00,161.2825
XX,2014-05-20 08:00:00+00:00,2014-05-20 13:00:00+00:00,5.0
XY,2014-02-16 21:19:34+00:00,2014-08-09 21:17:48+00:00,4175.970555555556
XZ,2014-09-24 05:30:00+00:00,2014-10-02 01:00:00+00:00,187.5
Y,2015-02-25 09:06:20+00:00,2015-02-25 10:00:19+00:00,0.8997222222222222
YA,2014-07-10 10:33:44+00:00,2014-07-10 10:54:00+00:00,0.3377777777777778
YAA,2014-04-13 08:27:43+00:00,2014-04-15 09:30:00+00:00,49.03805555555556
YB,2014-11-09 19:21:38+00:00,2014-11-13 19:00:00+00:00,95.63944444444445
YBA,2014-05-19 16:49:59+00:00,2014-05-26 09:00:00+00:00,160.16694444444445
YC,2014-07-16 09:47:00+00:00,2014-07-16 20:45:51+00:00,10.980833333333333
YCA,2014-03-01 17:35:34+00:00,2014-03-02 06:00:00+00:00,12.407222222222222
YD,2014-05-07 10:46:40+00:00,2014-05-07 12:21:48+00:00,1.5855555555555556
YDA,2014-04-06 17:43:20+00:00,2014-06-22 12:04:18+00:00,1842.3494444444445
YE,2014-08-25 12:06:46+00:00,2014-08-29 12:00:00+00:00,95.88722222222222
YEA,2013-11-24 12:43:50+00:00,2013-11-29 12:00:00+00:00,119.26944444444445
YF,2014-07-08 16:15:07+00:00,2014-07-21 07:50:00+00:00,303.5813888888889
YFA,2015-01-14 14:36:47+00:00,2015-01-17 09:20:00+00:00,66.72027777777778
YG,2014-03-16 23:57:07+00:00,2014-04-13 11:00:00+00:00,659.0480555555556
YGA,2014-05-25 15:28:21+00:00,2014-06-16 02:34:03+00:00,515.095
YH,2014-03-20 22:25:38+00:00,2014-03-25 09:00:00+00:00,106.57277777777777
YHA,2014-12-22 08:22:47+00:00,2014-12-28 09:02:16+00:00,144.65805555555556
YI,2014-05-01 16:40:48+00:00,2014-05-08 13:50:00+00:00,165.15333333333334
YIA,2013-12-11 22:32:45+00:00,2014-01-12 01:10:25+00:00,746.6277777777777
YJ,2014-10-12 22:04:17+00:00,2014-10-21 08:00:00+00:00,201.9286111111111
YJA,2014-03-20 02:06:58+00:00,2014-03-30 16:00:00+00:00,253.8838888888889
YK,2014-04-17 18:00:20+00:00,2014-04-29 02:51:22+00:00,272.85055555555556
YKA,2014-08-11 12:54:03+00:00,2014-08-30 12:45:00+00:00,455.8491666666667
YL,2014-01-21 13:14:20+00:00,2014-02-03 10:34:33+00:00,309.33694444444444
YLA,2014-03-31 09:31:22+00:00,2014-08-17 11:51:18+00:00,3338.3322222222223
YM,2014-05-08 10:34:25+00:00,2015-01-17 16:28:08+00:00,6101.895277777778
YMA,2014-09-01 20:26:13+00:00,2014-09-26 20:09:59+00:00,599.7294444444444
YN,2014-04-13 06:40:00+00:00,2014-04-13 19:32:33+00:00,12.875833333333333
YO,2014-05-26 09:54:55+00:00,2014-06-09 15:00:00+00:00,341.08472222222224
YP,2013-11-18 13:18:15+00:00,2013-12-03 04:30:00+00:00,351.1958333333333
YQ,2014-11-16 19:24:28+00:00,2014-11-18 13:00:00+00:00,41.59222222222222
YR,2014-05-25 12:20:50+00:00,2014-06-01 14:00:00+00:00,169.65277777777777
YS,2014-03-15 09:10:06+00:00,2014-07-08 22:52:05+00:00,2773.699722222222
YT,2014-02-13 22:34:19+00:00,2014-03-05 23:27:16+00:00,480.8825
YU,2014-02-05 06:49:49+00:00,2014-02-05 06:58:54+00:00,0.15138888888888888
YV,2014-07-19 16:43:56+00:00,2014-10-13 18:29:46+00:00,2065.7638888888887
YW,2014-10-31 09:10:03+00:00,2014-11-10 09:00:00+00:00,239.8325
YX,2014-04-29 17:24:22+00:00,2014-05-29 11:15:00+00:00,713.8438888888888
YY,2014-11-03 20:59:04+00:00,2014-11-13 19:00:00+00:00,238.01555555555555
YZ,2014-04-11 06:08:23+00:00,2014-08-25 06:53:01+00:00,3264.7438888888887
Z,2014-04-03 06:49:53+00:00,2014-04-07 08:00:00+00:00,97.1686111111111
ZA,2014-05-24 09:32:26+00:00,2014-05-24 10:40:56+00:00,1.1416666666666666
ZAA,2014-12-26 08:17:46+00:00,2015-01-01 15:15:00+00:00,150.95388888888888
ZB,2014-04-26 18:35:33+00:00,2015-01-03 11:34:52+00:00,6040.988611111111
ZBA,2014-10-30 15:29:10+00:00,2014-11-02 09:30:00+00:00,66.01388888888889
ZC,2014-07-14 16:34:00+00:00,2014-07-14 22:56:24+00:00,6.373333333333333
ZCA,2015-02-05 13:33:02+00:00,2015-02-05 19:34:00+00:00,6.016111111111111
ZD,2014-04-07 08:15:33+00:00,2014-04-12 09:00:00+00:00,120.74083333333333
ZDA,2014-09-10 17:02:55+00:00,2014-11-24 09:12:02+00:00,1792.1519444444446
ZE,2014-07-02 12:35:50+00:00,2014-07-12 16:15:00+00:00,243.65277777777777
ZEA,2014-07-20 22:57:24+00:00,2014-08-17 14:28:24+00:00,663.5166666666667
ZF,2014-06-05 19:14:36+00:00,2014-06-09 08:00:00+00:00,84.75666666666666
ZFA,2014-01-18 14:42:16+00:00,2014-08-13 08:11:46+00:00,4961.491666666667
ZG,2014-10-14 21:18:15+00:00,2014-10-16 15:00:00+00:00,41.69583333333333
ZGA,2015-01-29 18:28:36+00:00,2015-03-23 09:59:34+00:00,1263.516111111111
ZH,2014-07-27 15:26:54+00:00,2014-08-05 12:00:00+00:00,212.55166666666668
ZHA,2014-09-05 17:27:33+00:00,2014-10-26 15:12:03+00:00,1221.7416666666666
ZI,2014-10-15 20:24:54+00:00,2014-10-22 09:15:00+00:00,156.835
ZIA,2014-05-08 15:53:22+00:00,2014-05-08 18:46:30+00:00,2.8855555555555554
ZJ,2014-10-13 18:24:46+00:00,2014-10-22 08:00:00+00:00,205.5872222222222
ZJA,2014-09-24 14:38:28+00:00,2014-10-12 10:15:00+00:00,427.6088888888889
ZK,2014-11-30 12:57:54+00:00,2014-12-02 14:30:00+00:00,49.535
ZKA,2014-03-15 14:33:42+00:00,2014-06-13 13:09:24+00:00,2158.595
ZL,2014-10-15 08:14:51+00:00,2014-11-20 13:57:24+00:00,869.7091666666666
ZLA,2013-12-15 19:30:43+00:00,2014-08-30 14:04:43+00:00,6186.566666666667
ZM,2014-04-08 15:50:18+00:00,2014-04-23 10:00:00+00:00,354.1616666666667
ZMA,2014-10-19 08:45:58+00:00,2014-12-03 14:00:00+00:00,1085.233888888889
ZN,2014-04-08 11:41:15+00:00,2014-04-08 12:07:00+00:00,0.42916666666666664
ZO,2014-02-03 22:01:08+00:00,2014-02-11 11:00:00+00:00,180.98111111111112
ZP,2014-02-13 14:01:53+00:00,2014-02-16 12:45:00+00:00,70.71861111111112
ZQ,2014-10-07 09:30:53+00:00,2014-10-16 20:56:00+00:00,227.41861111111112
ZR,2013-11-26 10:11:34+00:00,2013-11-30 14:00:00+00:00,99.80722222222222
ZS,2013-11-14 10:58:51+00:00,2014-12-18 09:08:54+00:00,9574.1675
ZT,2015-01-07 11:47:40+00:00,2015-01-12 10:00:00+00:00,118.20555555555555
ZU,2014-12-12 12:12:41+00:00,2014-12-15 11:16:00+00:00,71.05527777777777
ZV,2014-11-27 13:37:18+00:00,2014-12-02 12:50:00+00:00,119.21166666666667
ZW,2014-10-03 04:07:59+00:00,2014-10-07 13:00:00+00:00,104.86694444444444
ZX,2013-12-31 19:55:37+00:00,2014-01-05 09:00:00+00:00,109.07305555555556
ZY,2014-12-13 10:09:37+00:00,2014-12-13 16:22:57+00:00,6.222222222222222
ZZ,2014-11-12 15:34:30+00:00,2014-11-17 17:00:00+00:00,121.425
